,Stop ID,Stop Latitude,Stop Longitude,Stop Name,Suburb,Location,distance_next_stop,distance_suburb_center
0,8889,-35.288746,149.127365,COMMONWEALTH AV AFTER ALBERT HALL,ACTON,"(-35.288746, 149.127365)",0.05703826256804439,1.2600676827275812
1,3486,-35.282188,149.120972,LIVERSIDGE ST AFTER GARRAN RD,ACTON,"(-35.282188, 149.120972)",0.0322451269765105,0.3352694407708384
2,3487,-35.282471,149.120895,LIVERSIDGE AFTER ELLERY CR,ACTON,"(-35.282471, 149.120895)",0.0322451269765105,0.3615526648133217
3,3147,-35.262012,149.14181499999998,COWPER ST 2ND AFTER BONNEY ST,AINSLIE,"(-35.262012, 149.141815)",0.06164844936708583,0.22997621581438749
4,3144,-35.265167,149.139267,COWPER ST OPP ALL SAINTS CHURCH,AINSLIE,"(-35.265167, 149.139267)",0.07341406414105096,0.5183137470956897
5,3145,-35.264374,149.140884,COWPER ST AFTER BONNEY ST,AINSLIE,"(-35.264374, 149.140884)",0.1036400056112745,0.3470077197191884
6,5081,-35.169154999999996,149.12941,KATHERINE AV AFTER TIMBORAM ST,AMAROO,"(-35.169155, 149.12941)",0.17598659613953502,0.25296258345699846
7,5082,-35.16946,149.131821,KATHERINE AV AFTER COOLOOLA ST,AMAROO,"(-35.16946, 149.131821)",0.22183019232353898,0.3422086302038406
8,5080,-35.168079,149.12799099999998,KATHERINE AV AFTER SHOALHAVEN AV,AMAROO,"(-35.168079, 149.127991)",0.10569282293576117,0.3771160182539114
9,4521,-35.256203,149.079651,BANDJALONG CR ARANDA PRIMARY,ARANDA,"(-35.256203, 149.079651)",0.03572806285381154,0.2390306844064456
10,4522,-35.256347999999996,149.0793,BANDJALONG CR OPP ARANDA PRIMARY,ARANDA,"(-35.256348, 149.0793)",0.03572806285381154,0.22976294370488842
11,4525,-35.259003,149.084671,BANDJALONG BEFORE BANAMBILA ST,ARANDA,"(-35.259003, 149.084671)",0.09490355805899904,0.43074028490268407
12,1262,-35.469933000000005,149.098663,WIBURD ST BEFORE POCKETT AV,BANKS,"(-35.469933, 149.098663)",0.10464568283777516,0.47589937230314944
13,1261,-35.46656,149.10051,TOM ROBERTS BEFORE MCLUCKIE CR,BANKS,"(-35.46656, 149.10051)",0.019249666820500885,0.8730722079367498
14,1227,-35.472431,149.095947,POCKETT AV BANKS SHOPS,BANKS,"(-35.472431, 149.095947)",0.11995664635901043,0.1066041168732242
15,2446,-35.309296,149.132553,BRISBANE AV AFTER NATIONAL CCT,BARTON,"(-35.309296, 149.132553)",0.05829766677726488,0.24077203063269437
16,2447,-35.308884,149.13295,BRISBANE AV AFTER STATE CIR,BARTON,"(-35.308884, 149.13295)",0.05829766677726488,0.18309544393668292
17,2375,-35.309258,149.136505,BRISBANE AV AFTER MACQUARIE ST,BARTON,"(-35.309258, 149.136505)",0.07277154027897818,0.2491927790884002
18,5141,-35.233608000000004,149.06243899999998,JOYNTON SMITH DR AFTER MORELL ST,BELCONNEN,"(-35.233608, 149.062439)",0.015085567592690816,0.44326565290317455
19,5142,-35.2337,149.06231699999998,JOYNTON SMITH DR AFTER BEISSEL ST,BELCONNEN,"(-35.2337, 149.062317)",0.015085567592690816,0.4406222377501152
20,5139,-35.230595,149.061752,JOYNTON SMITH DR AFTER SUTHERLAND CR,BELCONNEN,"(-35.230595, 149.061752)",0.07358229699560351,0.7711231286404101
21,6329,-35.160358,149.136246,MOBOURNE ST AFTER RODEN CUTLER DR,BONNER,"(-35.160358, 149.136246)",0.3579130830341113,0.5017416841081275
22,6331,-35.162155,149.139511,MABO BVD BONNER SHOPS,BONNER,"(-35.162155, 149.139511)",0.3579130830341113,0.6127842591017248
23,6325,-35.154099,149.139542,ESSIE COFFEY ST BEFORE MUMSHIRL ST,BONNER,"(-35.154099, 149.139542)",0.35832420810331667,1.2551500605513584
24,1046,-35.426731,149.074173,BARR SMITH AV AFTER SALAS ST,BONYTHON,"(-35.426731, 149.074173)",0.018736003608762312,0.8536458611469225
25,1047,-35.426899,149.074188,BARR SMITH AV AFTER DON DUNSTAN DR,BONYTHON,"(-35.426899, 149.074188)",0.018736003608762312,0.842250607867989
26,1044,-35.434803,149.086151,HURTLE AV AFTER NOARLUNGA CR,BONYTHON,"(-35.434803, 149.086151)",0.01861497436898808,0.5660951774721976
27,300,-35.273621,149.140823,DONALDSON ST AFTER AINSLIE PRIMARY SCHOOL,BRADDON,"(-35.273621, 149.140823)",0.1016421984311313,0.5133794878830272
28,2560,-35.266106,149.13687099999999,IPIMA ST MERICI CLG,BRADDON,"(-35.266106, 149.136871)",0.0780848433230269,0.6602493540223363
29,3385,-35.273182,149.135529,FAWKNER ST AFTER FARRER ST,BRADDON,"(-35.273182, 149.135529)",0.06245937682797816,0.13772436007736705
30,4973,-35.251682,149.090225,MARY POTTER CCT CALVARY HOSPITAL,BRUCE,"(-35.251682, 149.090225)",0.02602230271619366,1.613377284491853
31,4971,-35.240219,149.091599,EARDLEY ST AFTER HAYDON DR,BRUCE,"(-35.240219, 149.091599)",0.014975505001371606,1.3409576196813826
32,4982,-35.240353000000006,149.091583,EARDLEY ST AFTER THYNNE ST,BRUCE,"(-35.240353, 149.091583)",0.014975505001371606,1.3373959674637175
33,1029,-35.441601,149.100906,DUGGAN ST AFTER THARWA DR,CALWELL,"(-35.441601, 149.100906)",0.01939262039704327,0.9162943701178835
34,1030,-35.441601,149.10112,DUGGAN ST AFTER ANDREW CR,CALWELL,"(-35.441601, 149.10112)",0.01939262039704327,0.8988922524706121
35,1027,-35.439865000000005,149.098618,DUGGAN ST AFTER DOWNARD ST,CALWELL,"(-35.439865, 149.098618)",0.012943328055491737,1.0521210997432564
36,3474,-35.282707,149.148727,FAIRBAIRN AV AFTER CRESWELL ST,CAMPBELL,"(-35.282707, 149.148727)",0.11968554000828766,0.7573988693255163
37,3473,-35.282612,149.15004,FAIRBAIRN AV AFTER WAR MEMORIAL SERVICE RD,CAMPBELL,"(-35.282612, 149.15004)",0.11968554000828766,0.699144436246808
38,3424,-35.292652000000004,149.163208,MILNE BAY RD 2ND AFTER GENERAL BRIDGES RD,CAMPBELL,"(-35.292652, 149.163208)",0.161587160763644,0.988519415390239
39,5111,-35.29586,149.18956,CATALINA DR COSTCO,CANBERRA AIRPORT,"(-35.29586, 149.18956)",0.17088122734880426,0.0
40,5103,-35.299023,149.188065,CATALINA DR,CANBERRA AIRPORT,"(-35.299023, 149.188065)",0.10896657063168731,0.0
41,5110,-35.299609999999994,149.189026,DAKOTA DR AFTER SPITFIRE AV,CANBERRA AIRPORT,"(-35.29961, 149.189026)",0.10896657063168731,0.0
42,2587,-35.309078,149.126083,PARLIAMENT DR NEW PARLIAMENT HOUSE,CAPITAL HILL,"(-35.309078, 149.126083)",0.35009330128736593,0.18753855736875089
43,2586,-35.30727,149.122742,PARLIAMENT DR PARLIAMENT HOUSE,CAPITAL HILL,"(-35.30727, 149.122742)",0.3583758449549168,0.1765573009731315
44,2245,-35.305534,149.126068,FEDERATION MALL PARLIAMENT HOUSE NORTHBOUND,CAPITAL HILL,"(-35.305534, 149.126068)",0.10444465681329275,0.32308828183211896
45,4842,-35.162437,149.09835800000002,PLIMSOLL DR BEFORE RONALD WALKER ST,CASEY,"(-35.162437, 149.098358)",0.10404639167269361,1.3822003425292098
46,4843,-35.159519,149.101334,WHITROD AV AFTER KOWALSKI ST,CASEY,"(-35.159519, 149.101334)",0.039698180277970854,1.7593858487716192
47,4841,-35.163345,149.098083,PLIMSOLL DR BEFORE BOTT CR,CASEY,"(-35.163345, 149.098083)",0.10404639167269361,1.2785166158169556
48,1269,-35.358208000000005,149.04788200000002,NAMATJIRA DR AFTER PERRY DR,CHAPMAN,"(-35.358208, 149.047882)",0.030430740979171585,12347.594155420382
49,1270,-35.360443,149.047653,NAMATJIRA DR AFTER KAPUNDA ST,CHAPMAN,"(-35.360443, 149.047653)",0.021616953595953194,12347.72648914237
50,1271,-35.36356,149.049606,NAMATJIRA DR 3RD FROM DRAKEFORD DR,CHAPMAN,"(-35.36356, 149.049606)",0.012944294779102285,12347.727810174045
51,4208,-35.203167,149.02787800000002,LHOTSKY ST AFTER CARTWRIGHT ST,CHARNWOOD,"(-35.203167, 149.027878)",0.026330838580022938,0.9008227746143552
52,4209,-35.201019,149.027161,LHOTSKY ST BEFORE SPORT WY,CHARNWOOD,"(-35.201019, 149.027161)",0.03107837801735863,0.901424023872215
53,4206,-35.205486,149.032501,LHOTSKY ST CHARNWOOD SHOPS,CHARNWOOD,"(-35.205486, 149.032501)",0.0656051258239554,0.7345441786222311
54,2000,-35.353077,149.080521,EGGLESTONE AFTER MACLAURIN,CHIFLEY,"(-35.353077, 149.080521)",0.024046925915454768,0.33127680795214565
55,262,-35.351879,149.08403,EGGLESTON CR 2ND AFTER MACLAURIN CR,CHIFLEY,"(-35.351879, 149.08403)",0.016573245152354255,0.5735848109464974
56,263,-35.352028000000004,149.08403,EGGLESTON CR AFTER MELROSE DR,CHIFLEY,"(-35.352028, 149.08403)",0.016573245152354255,0.5762856384459121
57,1500,-35.418312,149.11557,BEATTIE CR AFTER GOLDSTEIN CR,CHISHOLM,"(-35.418312, 149.11557)",0.04530774453533361,0.9048227603168731
58,1003,-35.418968,149.120026,HAMBIDGE CR AFTER TRUGANINI PL,CHISHOLM,"(-35.418968, 149.120026)",0.007963838842716002,0.6202417862898544
59,1121,-35.429241,149.121445,DEAMER CR AFTER CLIFT CR,CHISHOLM,"(-35.429241, 149.121445)",0.04743649278413984,0.5724233144348928
60,8831,-35.278988,149.12886,CITY BUS STN NORTHBOURNE AV PLT 11,CITY,"(-35.278988, 149.12886)",0.05272750657510712,3.1969337548247614
61,1821,-35.279144,149.12558,CITY WEST PLATFORM 1,CITY,"(-35.279144, 149.12558)",0.16478930154847335,3.155799931332496
62,1723,-35.278553,149.1306,CITY BUS STN ARRIVALS,CITY,"(-35.278553, 149.1306)",0.0220026221387955,3.2683351363113107
63,6018,-35.465488,149.106583,TEMPLESTOWE AV AFTER HUMPHREY ST,CONDER,"(-35.465488, 149.106583)",0.06326320294311925,1.203104501883814
64,6015,-35.466454,149.10853600000002,TEMPLESTOWE AV AFTER 2ND MONTEFIORE CR,CONDER,"(-35.466454, 149.108536)",0.010960786996911035,1.4058847654159226
65,6016,-35.466518,149.108444,TEMPLESTOWE AV AFTER KOHLHAGEN ST,CONDER,"(-35.466518, 149.108444)",0.010960786996911035,1.404491837595833
66,4512,-35.256199,149.066132,REDFERN ST 2ND BEFORE LYTTLETON CR,COOK,"(-35.256199, 149.066132)",0.0123437301690062,0.44165519210332693
67,4514,-35.256001,149.068222,REDFERN ST AFTER DEXTER ST,COOK,"(-35.256001, 149.068222)",0.024007424479941933,0.5711243112460331
68,4645,-35.260684999999995,149.072556,LYTTLETON CR AFTER BOURNE ST,COOK,"(-35.260685, 149.072556)",0.025368021438724155,0.7944214193241438
69,2812,-35.325386,149.044632,JOHN GORTON DR AFTER HAROLD WHITE AVE,COOMBS,"(-35.325386, 149.044632)",0.13203156548730277,0.7207466903973061
70,2810,-35.320015000000005,149.037918,JOHN GORTON DR AFTER FRED DALY AVE,COOMBS,"(-35.320015, 149.037918)",0.08226690406480593,0.6383030143223699
71,3329,-35.319286,149.038071,FRED DALY BEFORE JOHN GORTON,COOMBS,"(-35.319286, 149.038071)",0.04273921625391935,0.6138726133383078
72,6334,-35.200641999999995,149.104126,ABENA AV AFTER CHANCE ST,CRACE,"(-35.200642, 149.104126)",0.01429538060423034,0.5386460217679201
73,6335,-35.200768,149.104095,ABENA AV AFTER TAPLOW ST,CRACE,"(-35.200768, 149.104095)",0.01429538060423034,0.5279210774893152
74,6332,-35.200691,149.113632,LANGTREE CR AFTER DURONG ST,CRACE,"(-35.200691, 149.113632)",0.03750632101435739,0.7569337642610285
75,2020,-35.320927000000005,149.08158899999998,MCCULLOCH ST AFTER REYNOLDS ST,CURTIN,"(-35.320927, 149.081589)",0.08281227899688572,0.5699680403960781
76,2017,-35.325825,149.085236,CARRUTHERS ST AFTER YARRA GLEN,CURTIN,"(-35.325825, 149.085236)",0.03947726351378754,0.6830084920478522
77,2018,-35.324993,149.083008,CARRUTHERS ST CURTIN SHOPS,CURTIN,"(-35.324993, 149.083008)",0.0475998083880977,0.4746273124518769
78,2304,-35.318466,149.095627,STRICKLAND CR CALVARY JOHN JAMES HOSPITAL,DEAKIN,"(-35.318466, 149.095627)",0.028705245389482038,1.0680307704977274
79,2305,-35.318363,149.095337,STRICKLAND CR OPP CALVARY JOHN JAMES HOSP.,DEAKIN,"(-35.318363, 149.095337)",0.028705245389482038,1.0906723425598333
80,2642,-35.31427,149.108826,GAWLER CR AFTER 2ND FERGUSSON CR,DEAKIN,"(-35.31427, 149.108826)",0.008417249798299099,0.25395906291911
81,2558,-35.252644000000004,149.139359,COWPER ST DARAMALAN COLLEGE,DICKSON,"(-35.252644, 149.139359)",0.012801243418691042,0.03665653738768087
82,3369,-35.256821,149.139679,COWPER ST BEFORE MAJURA AV,DICKSON,"(-35.256821, 149.139679)",0.11772985058240486,0.4806399783937463
83,4567,-35.255196000000005,149.13326999999998,NORTHBOURNE AV AFTER MORPHETT ST,DICKSON,"(-35.255196, 149.13327)",0.20142344304225124,0.6583062219696697
84,4749,-35.236713,149.142899,FEDERAL HWY AFTER PHILLIP AV,DOWNER,"(-35.236713, 149.142899)",0.1459958055286446,0.850793031833468
85,3246,-35.242367,149.14828500000002,BRADFIELD ST AFTER BURN ST,DOWNER,"(-35.242367, 149.148285)",0.03676198688588144,0.35935844709235254
86,3244,-35.243435,149.144501,BRADFIELD ST AFTER FRENCHAM ST,DOWNER,"(-35.243435, 149.144501)",0.09011661702785967,0.09318836588442893
87,2410,-35.34256,149.032303,WYANGALA ST AFTER WARANGA PL,DUFFY,"(-35.34256, 149.032303)",0.013129134504188197,0.6650928163755552
88,2409,-35.33289,149.03733799999998,BURRINJUCK CR AFTER SERPENTINE ST,DUFFY,"(-35.33289, 149.037338)",0.01847716909699373,0.5039817927646686
89,1637,-35.343933,149.027664,HINDMARSH DR WESTON CREEK TERMINUS,DUFFY,"(-35.343933, 149.027664)",0.01880125312236471,1.0186917168009548
90,5025,-35.202498999999996,149.021942,GINNINDERRA DR AFTER LANCE HILL AV,DUNLOP,"(-35.202499, 149.021942)",0.02225828336965577,0.7921840439331237
91,5026,-35.189392,149.02171299999998,KERRIGAN ST AFTER TRAEGER ST,DUNLOP,"(-35.189392, 149.021713)",0.042470315913024026,0.7030800094703862
92,4970,-35.196498999999996,149.015213,KERRIGAN ST AFTER BEDOURIE ST,DUNLOP,"(-35.196499, 149.015213)",0.010494063024717934,0.4475798991323559
93,4897,-35.210442,149.069794,ASHKANASY CR AFTER CLANCY ST,EVATT,"(-35.210442, 149.069794)",0.01260969681392819,0.2283246614585447
94,4898,-35.210388,149.069672,ASHKANASY CR AFTER PITCAIRN ST,EVATT,"(-35.210388, 149.069672)",0.01260969681392819,0.22330564346716014
95,4569,-35.210682,149.067444,ASHKANASY CR AFTER JENKS PL,EVATT,"(-35.210682, 149.067444)",0.04401187325597123,0.11368827970404106
96,1159,-35.398518,149.122116,BUGDEN AV AFTER 2ND MULLAN ST,FADDEN,"(-35.398518, 149.122116)",0.0069985643464857035,0.5378364388070622
97,1160,-35.398528999999996,149.12219199999998,BUGDEN AV AFTER COURTICE CL,FADDEN,"(-35.398529, 149.122192)",0.0069985643464857035,0.541767631895421
98,1161,-35.400242,149.115692,BUGDEN AV AFTER DASH CR,FADDEN,"(-35.400242, 149.115692)",0.0790651497965635,0.2863992505816673
99,2477,-35.373634,149.10171499999998,MARSHALL ST AFTER SPAFFORD CR,FARRER,"(-35.373634, 149.101715)",0.0912808796276723,0.5135138836453238
100,2655,-35.371722999999996,149.098709,BEASLEY ST AFTER WILKINS ST,FARRER,"(-35.371723, 149.098709)",0.05260690682154659,0.853855599007197
101,2654,-35.371151,149.100723,BEASLEY ST AFTER MARSHALL ST,FARRER,"(-35.371151, 149.100723)",0.11664494277827152,0.7916216091863347
102,1264,-35.358478999999996,149.047928,NAMATJIRA DR SOUTHBOUND AFTER STREETON DR,FISHER,"(-35.358479, 149.047928)",0.030430740979171585,0.8693996657593452
103,1265,-35.360592,149.047806,NAMATJIRA DR BEFORE KAPUNDA ST,FISHER,"(-35.360592, 149.047806)",0.021616953595953194,0.8352270261394247
104,1263,-35.355114,149.050797,NAMATJIRA DR AFTER BADIMARA ST,FISHER,"(-35.355114, 149.050797)",0.028891524525887585,0.863283458006178
105,5028,-35.231945,149.04972800000002,SOUTHERN CROSS AFTER RATCLIFFE ST,FLOREY,"(-35.231945, 149.049728)",0.06745027290732805,0.6803262684698541
106,5003,-35.229382,149.044449,SOUTHERN CROSS DR BEFORE RATCLIFFE CR,FLOREY,"(-35.229382, 149.044449)",0.2192145276152145,0.601504042082925
107,4064,-35.224728000000006,149.054993,JOHN CLELAND CR AFTER CONNAH ST,FLOREY,"(-35.224728, 149.054993)",0.015387846416334226,0.5189612194039115
108,4570,-35.213284,149.046417,KINGSFORD SMITH DR AFTER COMPANION CR,FLYNN,"(-35.213284, 149.046417)",0.10436761342061537,1.2497735953759512
109,4436,-35.210693,149.047989,KINGSFORD SMITH DR BEFORE VERBRUGGHEN ST,FLYNN,"(-35.210693, 149.047989)",0.19138446609730006,0.9347492324133663
110,4202,-35.208279,149.042145,COMPANION CR AFTER 2ND NULSEN CCT,FLYNN,"(-35.208279, 149.042145)",0.01784890802040068,0.97956901291766
111,6339,-35.178909000000004,149.144272,DAVID WALSH AVE AFTER HORSE PARK DR,FORDE,"(-35.178909, 149.144272)",0.04211876837546126,1.3969794060390883
112,6312,-35.171356,149.14883400000002,ZAKHAROV AFTER JUSTICE KELLY ST,FORDE,"(-35.171356, 149.148834)",0.06900033491394107,0.7623941965622589
113,6317,-35.162506,149.149857,AMY ACKMAN ST AFTER TURBAYNE CRES,FORDE,"(-35.162506, 149.149857)",0.36016046046982436,0.75431085882903
114,2313,-35.318478000000006,149.11557,MELBOURNE AV OPP SENIOR GIRLS GRAMMAR SCHOOL,FORREST,"(-35.318478, 149.11557)",0.05321192364351817,0.8571374657654336
115,2595,-35.316414,149.117416,MELBOURNE AV BEFORE EMPIRE CCT,FORREST,"(-35.316414, 149.117416)",0.08015508931354709,0.7121388439089764
116,2593,-35.312927,149.120529,MELBOURNE AV SOUTH OF SOMERS CR,FORREST,"(-35.312927, 149.120529)",0.08354469898207621,0.700097810939012
117,6186,-35.200275,149.141541,OODGEROO AV AFTER GWEN MEREDITH,FRANKLIN,"(-35.200275, 149.141541)",0.014350625992207716,0.0923755319493472
118,6187,-35.200394,149.141602,OOGEROO AV BEFORE HOSKINS ST,FRANKLIN,"(-35.200394, 149.141602)",0.014350625992207716,0.0926411727736665
119,6185,-35.189995,149.143555,MANNING CLARK CR AFTER FLEMINGTON RD,FRANKLIN,"(-35.189995, 149.143555)",0.01390801906733158,1.1169785586158696
120,4933,-35.189999,149.047211,DALEY CR OPP FRASER EAST TERMINUS,FRASER,"(-35.189999, 149.047211)",0.06728308082538306,0.4121183339924028
121,4932,-35.190841999999996,149.035538,SHAKESPEARE CR FRASER OPP WEST TERMINUS,FRASER,"(-35.190842, 149.035538)",0.05434067186728757,1.3775397836147099
122,4887,-35.192387,149.053879,BINGLEY CR AFTER MORONEY ST,FRASER,"(-35.192387, 149.053879)",0.06795227707580426,0.3023199177527039
123,5127,-35.330887,149.16258200000001,CANBERRA AV AFTER IPSWICH ST,FYSHWICK,"(-35.330887, 149.162582)",0.10117290398246685,1.0571744558489473
124,2406,-35.327408,149.181198,ALBANY ST BEFORE COLLIE ST,FYSHWICK,"(-35.327408, 149.181198)",0.06344805461283316,0.6767751736109469
125,2407,-35.326725,149.178391,WOLLONGONG ST COMMONWEALTH BANK,FYSHWICK,"(-35.326725, 149.178391)",0.11452913257086826,0.4720314180703435
126,2302,-35.345757,149.104965,GILMORE CR AFTER ELDRIDGE CR,GARRAN,"(-35.345757, 149.104965)",0.012100453025400066,0.5004577608317468
127,2303,-35.345863,149.104935,GILMORE CR 2ND AFTER HARTIGAN ST,GARRAN,"(-35.345863, 149.104935)",0.012100453025400066,0.5118178116749863
128,2382,-35.346484999999994,149.099747,YAMBA DR THE CANBERRA HOSPITAL,GARRAN,"(-35.346485, 149.099747)",0.02826503125544954,0.8997502736868975
129,1145,-35.414936,149.132904,HEAGNEY CR AFTER LOUISA LAWSON CR NORTH ENTRY,GILMORE,"(-35.414936, 149.132904)",0.00970707692903774,0.674553841187753
130,1142,-35.416759000000006,149.135056,HEAGNEY CR 3RD AFTER EMILY BULLOCK CR,GILMORE,"(-35.416759, 149.135056)",0.041961878237373046,0.5072057888571577
131,1146,-35.414982,149.132813,HEAGNEY CR BEFORE HAMBIDGE CR,GILMORE,"(-35.414982, 149.132813)",0.00970707692903774,0.6695957267447974
132,5015,-35.217415,149.09033200000002,BALDWIN DR AFTER GUM ST,GIRALANG,"(-35.217415, 149.090332)",0.014359640047820471,0.8731274614836066
133,5016,-35.217575,149.086792,BALDWIN DR AFTER WILLIAM SLIM DR,GIRALANG,"(-35.217575, 149.086792)",0.014624972202283378,1.1360712729039588
134,5097,-35.218632,149.096756,BALDWIN DR BEFORE CHUCULBA CR,GIRALANG,"(-35.218632, 149.096756)",0.013459631452489422,0.7451094672752886
135,1190,-35.452904,149.087967,LEWIS LUXTON AV AFTER SID BARNES CR,GORDON,"(-35.452904, 149.087967)",0.057616018363988254,0.3422327280900168
136,1187,-35.44709,149.083847,CLARE DENNIS AV AFTER 2ND FRED LANE CR,GORDON,"(-35.44709, 149.083847)",0.12340728737259286,0.44728126692617304
137,1188,-35.448402,149.086121,LEWIS LUXTON AV AFTER PREDDY WY,GORDON,"(-35.448402, 149.086121)",0.09969678296434306,0.30630701644872865
138,1505,-35.414013,149.10939,CASTLETON CR OPP GOWRIE SHOPS,GOWRIE,"(-35.414013, 149.10939)",0.01704994121760313,0.23063298352884298
139,1506,-35.412067,149.105804,CASTLETON CR AFTER 2ND WHEATLEY ST,GOWRIE,"(-35.412067, 149.105804)",0.024143511529305314,0.38045296035192294
140,1503,-35.41452,149.112869,BUGDEN AV AFTER CASTLETON CR,GOWRIE,"(-35.41452, 149.112869)",0.036698026468776124,0.38237281164549775
141,1068,-35.419975,149.070831,ANKETELL ST AFTER BUNNINGS WAREHOUSE,GREENWAY,"(-35.419975, 149.070831)",0.019962892321471276,0.23223448299319635
142,1066,-35.422523,149.072922,ANKETELL ST OPP ACTEW AGL,GREENWAY,"(-35.422523, 149.072922)",0.019186420651808093,0.5685538226923934
143,1067,-35.419796000000005,149.070847,ANKETELL ST OPP TUGGERANONG SQUARE,GREENWAY,"(-35.419796, 149.070847)",0.019962892321471276,0.21401449373418163
144,5091,-35.333946000000005,149.13533,LA PEROUSE ST AFTER HAMELIN CR,GRIFFITH,"(-35.333946, 149.13533)",0.02230932339806123,1.040250466102329
145,2329,-35.319443,149.137543,GILES ST KINGSTON HOTEL,GRIFFITH,"(-35.319443, 149.137543)",0.09878016028218362,0.5879045143011198
146,2330,-35.317204,149.13896200000002,GILES ST AFTER LEICHHARDT ST,GRIFFITH,"(-35.317204, 149.138962)",0.17284582657913006,0.8510056687189053
147,5083,-35.186932,149.124054,THE VALLEY AV AFTER GUNGAHLIN DR,GUNGAHLIN,"(-35.186932, 149.124054)",0.11439060412928652,0.9181862405327463
148,5084,-35.187759,149.123306,BURGMANN ANGLICAN SCHOOL THE VALLEY AV,GUNGAHLIN,"(-35.187759, 149.123306)",0.11439060412928652,1.022331131244861
149,5085,-35.181183000000004,149.13324,GOZZARD ST GUNGAHLIN,GUNGAHLIN,"(-35.181183, 149.13324)",0.06790870336466602,0.21434098293155177
150,3199,-35.247097,149.162964,MADIGAN ST AFTER HADDON ST,HACKETT,"(-35.247097, 149.162964)",0.10769639714188942,0.10799921761995833
151,3196,-35.246426,149.15631100000002,ANTILL ST AFTER ANTILL SERVICE RD,HACKETT,"(-35.246426, 149.156311)",0.034635355229057814,0.6147910744493689
152,3197,-35.244644,149.160065,MADIGAN ST AFTER ANTILL ST,HACKETT,"(-35.244644, 149.160065)",0.01609613626046831,0.4525132741018238
153,6052,-35.200195,149.15833999999998,CULTIVATION ST AFTER ENCOUNTER ST,HARRISON,"(-35.200195, 149.15834)",0.06566953442684301,9.223372036854776e+18
154,6053,-35.20068,149.157928,CULTIVATION ST AFTER NULLARBOR AV,HARRISON,"(-35.20068, 149.157928)",0.06566953442684301,9.223372036854776e+18
155,6058,-35.195549,149.15831,JENOLAN ST AFTER MAPLETON AV,HARRISON,"(-35.195549, 149.15831)",0.018077720225993067,9.223372036854776e+18
156,4810,-35.242207,149.03276100000002,MURRANJI ST AFTER ALEXANDRIA ST,HAWKER,"(-35.242207, 149.032761)",0.041272346154101476,0.5160218247433075
157,4811,-35.241894,149.033005,MURRANJI ST AFTER BELCONNEN WAY,HAWKER,"(-35.241894, 149.033005)",0.041272346154101476,0.5106574634670461
158,4823,-35.241856,149.04345700000002,BELCONNEN WY AFTER SPRINGVALE DR,HAWKER,"(-35.241856, 149.043457)",0.029732468960959497,0.550107909087156
159,4986,-35.229664,149.022766,FULLAGAR CR BEFORE ASHBURNER ST,HIGGINS,"(-35.229664, 149.022766)",0.051686195626437066,0.49483627001651737
160,4987,-35.230949,149.02311699999998,FULLAGAR CR HIGGINS OVAL,HIGGINS,"(-35.230949, 149.023117)",0.03775641508204111,0.3989359955390501
161,4990,-35.230095,149.02844199999998,CASTIEAU CR AFTER DETHRIDGE ST,HIGGINS,"(-35.230095, 149.028442)",0.015560831168434217,0.26126487094514783
162,2408,-35.335564,149.046356,BLACKWOOD TCE AFTER HYNDES CR,HOLDER,"(-35.335564, 149.046356)",0.012984014122225223,0.13225404726148743
163,2397,-35.335625,149.046478,BLACKWOOD TCE AFTER PEARSON ST,HOLDER,"(-35.335625, 149.046478)",0.012984014122225223,0.14044849600164905
164,2394,-35.331921,149.049057,MULLEY ST GRANT CAMERON CENTRE,HOLDER,"(-35.331921, 149.049057)",0.08192405226880842,0.5842714058048797
165,5030,-35.224971999999994,149.005096,SPOFFORTH ST AFTER MESSSENGER ST,HOLT,"(-35.224972, 149.005096)",0.03526580841696881,0.9294938541761157
166,4954,-35.222072999999995,149.01191699999998,BEAUREPAIRE CR AFTER MESSENGER ST,HOLT,"(-35.222073, 149.011917)",0.013473763405766958,0.3840794651474294
167,4951,-35.225277,149.00499,SPOFFORTH ST BEFORE MESSENGER ST,HOLT,"(-35.225277, 149.00499)",0.03526580841696881,0.9429189421640793
168,2016,-35.326916,149.090012,CARRUTHERS ST BEFORE GROOM ST,HUGHES,"(-35.326916, 149.090012)",0.018713239038494162,0.767410500917487
169,2639,-35.328666999999996,149.08866899999998,GROOM ST OPP ST. ANDREWS VILLAGE,HUGHES,"(-35.328667, 149.088669)",0.03689408232296359,0.6828658279452509
170,2640,-35.331596000000005,149.089264,GROOM ST AFTER WEBSTER ST,HUGHES,"(-35.331596, 149.089264)",0.045171225280871294,0.45725165773346443
171,6666,-35.372116,149.17001299999998,ALEXANDER MACONOCHIE CENTRE,HUME,"(-35.372116, 149.170013)",1.6015175449096732,1.6555452575776883
172,2657,-35.39283,149.164597,SHEPPARD ST BEFORE TRALEE ST,HUME,"(-35.39283, 149.164597)",0.683802784088023,0.8127405030260343
173,2661,-35.38884,149.170334,SHEPPARD ST AFTER JOHNS PL,HUME,"(-35.38884, 149.170334)",0.402959531512163,0.20689178747703946
174,2461,-35.370028999999995,149.11146499999998,JULIA FLYNN AV AFTER DORSCH ST,ISAACS,"(-35.370029, 149.111465)",0.03288059341518306,0.2813846967849087
175,2458,-35.365765,149.112518,JULIA FLYNN AV 2ND AFTER RINGROSE CR,ISAACS,"(-35.365765, 149.112518)",0.021093664180799065,0.2184707919014828
176,2459,-35.367218,149.112823,JULIA FLYNN AV OPP ISAACS SHOPS,ISAACS,"(-35.367218, 149.112823)",0.01984933640729644,0.13379712501164795
177,1016,-35.428921,149.102844,ELLERSTON AV AFTER ASHLEY DR,ISABELLA PLAINS,"(-35.428921, 149.102844)",0.015048921391182865,0.7182799420903717
178,1007,-35.427859999999995,149.091034,ELLERSTON AV OPP ISABELLA PLAINS SHOPS,ISABELLA PLAINS,"(-35.42786, 149.091034)",0.05466633335813633,0.35979598522963546
179,1001,-35.426113,149.091614,DRUMSTON ST OPP MACKILLOP COLLEGE,ISABELLA PLAINS,"(-35.426113, 149.091614)",0.017720004176181053,0.3718035936806816
180,5011,-35.228031,149.09848,BALDWIN DR BEFORE MARIBYRNONG AV SOUTH ENTRY,KALEEN,"(-35.228031, 149.09848)",0.1012566238578984,1.0385097922412907
181,5007,-35.224987,149.10058600000002,BALDWIN DR KALEEN HS,KALEEN,"(-35.224987, 149.100586)",0.0686433573731296,0.6623272940787035
182,5008,-35.22681,149.099594,BALDWIN DR AFTER KALEEN HS,KALEEN,"(-35.22681, 149.099594)",0.010241749758220111,0.8697385046938877
183,1315,-35.388237,149.085724,ATKINS ST AFTER ATHLLON DR,KAMBAH,"(-35.388237, 149.085724)",0.01561955407616612,1.6984001989847675
184,1316,-35.388206,149.085892,ATKINS ST AFTER LIVINGSTON AV,KAMBAH,"(-35.388206, 149.085892)",0.01561955407616612,1.7137230316262422
185,1313,-35.387684,149.083832,LIVINGSTON AV AFTER SYMERS ST,KAMBAH,"(-35.387684, 149.083832)",0.02959211731694268,1.5717167570737176
186,2596,-35.316624,149.14181499999998,EYRE ST KINGSTON SHOPS,KINGSTON,"(-35.316624, 149.141815)",0.17279315789704008,0.244297086565008
187,2598,-35.315804,149.140198,GILES ST KINGSTON SHOPS,KINGSTON,"(-35.315804, 149.140198)",0.17279315789704008,0.36128604715571433
188,2373,-35.313087,149.143219,WENTWORTH AV OPP OLD BUS DEPOT MARKETS,KINGSTON,"(-35.313087, 149.143219)",0.16560018187018258,0.28779004351559395
189,4993,-35.221104,149.038361,O'LOGHLEN ST AFTER 2ND CHAMBERS ST,LATHAM,"(-35.221104, 149.038361)",0.05721045639423155,0.7666951057383529
190,4909,-35.221413,149.02774,SOUTHERN CROSS DR AFTER DALLEY CR,LATHAM,"(-35.221413, 149.02774)",0.028436301923475304,0.5720626598854277
191,4891,-35.219387,149.02127099999998,SOUTHERN CROSS DR AFTER FLOREY DR,LATHAM,"(-35.219387, 149.021271)",0.03924873171876005,0.9504400140094769
192,5013,-35.217644,149.086655,BALDWIN DR BEFORE WILLIAM SLIM DR,LAWSON,"(-35.217644, 149.086655)",0.014624972202283378,0.8280510939713536
193,5014,-35.21751,149.090439,BALDWIN DR BEFORE GUM ST,LAWSON,"(-35.21751, 149.090439)",0.014359640047820471,0.8607918781964027
194,5012,-35.229893,149.094528,BALDWIN DR BEFORE MARIBYRNONG AV,LAWSON,"(-35.229893, 149.094528)",0.013195687626178128,0.8012519532636284
195,5048,-35.249371000000004,149.131622,GOODWIN ST AFTER OLIVER ST,LYNEHAM,"(-35.249371, 149.131622)",0.1532416803738967,0.23371809447753983
196,5049,-35.252434,149.131668,MURDOCH ST AFTER GOODWIN ST,LYNEHAM,"(-35.252434, 149.131668)",0.1467279987820597,0.35341889986648933
197,4752,-35.231068,149.14476000000002,FLEMINGTON RD OPP EXHIBITION PARK,LYNEHAM,"(-35.231068, 149.14476)",0.09505328891717824,2.5379189039467533
198,1901,-35.346191,149.074615,BURNIE ST BEFORE LAUNCESTON,LYONS,"(-35.346191, 149.074615)",0.06978872110933454,0.4828038577524612
199,2071,-35.339542,149.079971,LAUNCESTON ST AFTER GLENORCHY ST,LYONS,"(-35.339542, 149.079971)",0.014004996162390768,0.45228977274575727
200,2072,-35.3396,149.079834,LAUNCESTON ST AFTER BURNIE ST,LYONS,"(-35.3396, 149.079834)",0.014004996162390768,0.43849408731226863
201,403,-35.212666,149.004013,MACFARLANE BURNET AV BEFORE ECCLES CCT,MACGREGOR,"(-35.212666, 149.004013)",0.02526544637720526,1.0438427935614611
202,404,-35.216072,149.003357,MACFARLANE BURNET AV AFTER HALLOWS CCT,MACGREGOR,"(-35.216072, 149.003357)",0.034739097711963984,1.2301152490127911
203,401,-35.216084,149.002975,MACFARLANE BURNET AV AFTER DEGRUCHY PL,MACGREGOR,"(-35.216084, 149.002975)",0.034739097711963984,1.261412130660858
204,4509,-35.253646999999994,149.063065,BENNELONG CR AFTER GOULBURN ST,MACQUARIE,"(-35.253647, 149.063065)",0.07279372335714593,0.3473075185370757
205,4510,-35.254135,149.063599,LACHLAN ST AFTER BLACKMAN CR,MACQUARIE,"(-35.254135, 149.063599)",0.07279372335714593,0.3811826052894683
206,4515,-35.253155,149.069534,BOWMAN ST AFTER REDFERN ST,MACQUARIE,"(-35.253155, 149.069534)",0.03481285286815968,0.507692032600953
207,2479,-35.363194,149.096451,MAWSON DR AFTER HURLEY ST,MAWSON,"(-35.363194, 149.096451)",0.018258390810223478,0.2710995107960206
208,2296,-35.356094,149.097687,AINSWORTH ST AFTER COLBECK ST,MAWSON,"(-35.356094, 149.097687)",0.055925736677953725,1.0333697566205007
209,2297,-35.356544,149.09741200000002,AINSWORTH ST 2ND AFTER DU FAUR ST,MAWSON,"(-35.356544, 149.097412)",0.055925736677953725,0.9783335007668663
210,5044,-35.211994,149.084564,OWEN DIXON DR MCKELLAR SOCCER CLUB,MCKELLAR,"(-35.211994, 149.084564)",0.01505202802996833,0.9824173704057395
211,4132,-35.21751,149.073715,DUMAS ST OPP MCKELLAR SHOPS,MCKELLAR,"(-35.21751, 149.073715)",0.01789859985613454,0.2177304703709868
212,4129,-35.214687,149.073242,DUMAS ST AFTER BAUME CR,MCKELLAR,"(-35.214687, 149.073242)",0.047717717162284116,0.4072736076082159
213,4839,-35.212406,149.047791,KINGSFORD SMITH DR BEFORE COMPANION CR,MELBA,"(-35.212406, 149.047791)",0.1585198295847406,0.735528705853663
214,4931,-35.204399,149.06016499999998,ALPEN ST AFTER ALFRED HILL DR,MELBA,"(-35.204399, 149.060165)",0.015934470867015528,0.699021723008336
215,2569,-35.213833,149.049149,CONLEY DR MELBA HS SSO,MELBA,"(-35.213833, 149.049149)",0.1803585291485772,0.7630314894768555
216,4754,-35.221084999999995,149.1427,SANDFORD ST AFTER FLEMINGTON RD,MITCHELL,"(-35.221085, 149.1427)",0.1494396354158992,0.6678209108990066
217,4755,-35.22065,149.141144,SANDFORD & BROOKES ST,MITCHELL,"(-35.22065, 149.141144)",0.1494396354158992,0.5981946070572842
218,4934,-35.213928,149.13765,HOSKINS ST BEFORE DACRE ST,MITCHELL,"(-35.213928, 149.13765)",0.02072434578689439,0.32590765601954835
219,1087,-35.417179,149.100647,BARRACLOUGH CR AFTER COWDERY PL,MONASH,"(-35.417179, 149.100647)",0.024931951119594804,0.061936227419334494
220,1088,-35.417183,149.100372,BARRACLOUGH CR AFTER ASHLEY DR,MONASH,"(-35.417183, 149.100372)",0.024931951119594804,0.03938807694065411
221,1671,-35.42136,149.088593,CLIVE STEELE AV AFTER ISABELLA DR,MONASH,"(-35.42136, 149.088593)",0.01387831413996142,1.1420671234311162
222,5090,-35.334103000000006,149.135483,LA PEROUSE ST AFTER CALEY CR,NARRABUNDAH,"(-35.334103, 149.135483)",0.02230932339806123,1.6295195333552768
223,2342,-35.337067,149.15600600000002,GOYDER ST BEFORE TALLARA PWY,NARRABUNDAH,"(-35.337067, 149.156006)",0.046079075960543954,0.5629207151341714
224,2343,-35.337123999999996,149.156509,GOYDER ST 2ND AFTER KOOTARA CR,NARRABUNDAH,"(-35.337124, 149.156509)",0.046079075960543954,0.5895635792698196
225,4808,-35.177467,149.12428300000002,MIRRABEI DR AFTER PAUL COE CR SOUTH ENTRY,NGUNNAWAL,"(-35.177467, 149.124283)",0.015886973534110553,1.386267539270486
226,4847,-35.179146,149.114288,AMAGULA AV AFTER YIRAWALA ST,NGUNNAWAL,"(-35.179146, 149.114288)",0.05905019669184728,0.5937688000139213
227,4845,-35.180862,149.112518,AMAGULA AV AFTER GUNGAHLIN DR,NGUNNAWAL,"(-35.180862, 149.112518)",0.06392059406363347,0.6369582514804883
228,600,-35.192122999999995,149.08596799999998,O'HANLON PL AFTER GOLD CREEK RD,NICHOLLS,"(-35.192123, 149.085968)",0.009953220289567025,0.8743605276506344
229,601,-35.192142,149.086075,O'HANLON PL BEFORE GOLD CREEK RD,NICHOLLS,"(-35.192142, 149.086075)",0.009953220289567025,0.8699524310899043
230,5067,-35.186161,149.092804,TEMPERLEY ST AFTER 2ND SUE GEH CCT,NICHOLLS,"(-35.186161, 149.092804)",0.0169047742046962,0.0752507069968673
231,3377,-35.249699,149.121429,WATTLE ST AFTER CORREA ST,O'CONNOR,"(-35.249699, 149.121429)",0.08656055420018832,0.0
232,3378,-35.252174,149.123322,BRIGALOW ST BEFORE WATTLE ST,O'CONNOR,"(-35.252174, 149.123322)",0.013810567282098125,0.0
233,3379,-35.252171000000004,149.123474,BRIGALOW ST BEFORE WARATAH ST,O'CONNOR,"(-35.252171, 149.123474)",0.013810567282098125,0.0
234,2453,-35.349918,149.106155,TYAGARAH ST AFTER CULGOA CCT,O'MALLEY,"(-35.349918, 149.106155)",0.03438227423702408,0.0
235,2105,-35.359444,149.109039,NGUNAWAL DR AFTER COBBADAH ST,O'MALLEY,"(-35.359444, 149.109039)",0.02034270250596643,0.0
236,2103,-35.35743,149.107681,KAREELAH VST AFTER PINDARI CR,O'MALLEY,"(-35.35743, 149.107681)",0.07463842309966674,0.0
237,1394,-35.409718,149.082947,NEWMAN-MORRIS CCT AFTER 2ND NUNAN CR,OXLEY,"(-35.409718, 149.082947)",0.08134695393453338,9.223372036854776e+18
238,1391,-35.411888,149.081741,NEWMAN-MORRIS CCT AFTER MCILVEEN PL,OXLEY,"(-35.411888, 149.081741)",0.011456672822665494,9.223372036854776e+18
239,1392,-35.411784999999995,149.081741,NEWMAN-MORRIS CCT AFTER 2ND CUTHBERTSON CR,OXLEY,"(-35.411785, 149.081741)",0.011456672822665494,9.223372036854776e+18
240,5021,-35.24353,149.054642,BELCONNEN WY AFTER PETTERD ST,PAGE,"(-35.24353, 149.054642)",0.04115109006222875,13658.04665151866
241,5029,-35.232513,149.04998799999998,SOUTHERN CROSS BEFORE CHEWINGS ST,PAGE,"(-35.232513, 149.049988)",0.06745027290732805,13657.834991006179
242,4826,-35.241596,149.043381,BELCONNEN WY AFTER CHEWINGS ST,PAGE,"(-35.241596, 149.043381)",0.029732468960959497,13658.843853653982
243,5053,-35.193871,149.110733,GUNDAROO DR BEFORE BURROWA ST,PALMERSTON,"(-35.193871, 149.110733)",0.011125169558260173,0.3069710749385168
244,5054,-35.193863,149.11085500000002,GUNDAROO DR AFTER BURROWA ST,PALMERSTON,"(-35.193863, 149.110855)",0.011125169558260173,0.2964912932262203
245,4829,-35.197781,149.11882,KOSCUISZKO AV PALMERSTON SHOPS,PALMERSTON,"(-35.197781, 149.11882)",0.04308956125200221,0.5652495519718809
246,8888,-35.288395,149.127823,COMMONWEALTH AV REGETTA POINT,PARKES,"(-35.288395, 149.127823)",0.05703826256804439,1.3843588247406031
247,3259,-35.298038,149.128983,KING EDWARD TCE TREASURY BUILDING,PARKES,"(-35.298038, 149.128983)",0.027703702547234883,0.45118279829479246
248,3260,-35.301186,149.133881,PARKES PL JOHN GORTON BUILDING,PARKES,"(-35.301186, 149.133881)",0.013896084981915044,0.14098659879708575
249,2398,-35.363155,149.081329,MACFARLAND CR OPP PEARCE SHOPS,PEARCE,"(-35.363155, 149.081329)",0.015968381738082016,0.3569143168364456
250,2610,-35.363341999999996,149.092285,ATHLLON DR OPP SOUTHLANDS SHOPS,PEARCE,"(-35.363342, 149.092285)",0.19116464335715755,0.6774609145622872
251,2082,-35.357918,149.086716,HODGSON CR AFTER COLLINGS ST,PEARCE,"(-35.357918, 149.086716)",0.01607589623082265,0.4799821140299431
252,2300,-35.350578000000006,149.093414,AINSWORTH ST AFTER ALSOP CL,PHILLIP,"(-35.350578, 149.093414)",0.08889849054007852,0.3112135092865239
253,2301,-35.349841999999995,149.093796,AINSWORTH ST AFTER HINDMARSH DR,PHILLIP,"(-35.349842, 149.093796)",0.08889849054007852,0.3222195109792167
254,1376,-35.348743,149.08783,HINDMARSH DR AFTER BALL ST,PHILLIP,"(-35.348743, 149.08783)",0.15016931836442657,0.2353813538337844
255,2332,-35.342953,149.138489,DALRYMPLE ST AFTER HINDMARSH DR,RED HILL,"(-35.342953, 149.138489)",0.0215607363997449,1.6317842643957785
256,3272,-35.331577,149.128815,GOLDEN GR BEFORE MONARO CR,RED HILL,"(-35.331577, 149.128815)",0.04211453402948543,0.4911843708491894
257,3273,-35.331882,149.12854,GOLDEN GR OPP SBG SCHOOL,RED HILL,"(-35.331882, 149.12854)",0.04211453402948543,0.4520631098173737
258,3097,-35.282013,149.142563,EUREE ST AFTER ELIMATTA ST,REID,"(-35.282013, 149.142563)",0.015828988367216298,0.16785643639601347
259,3094,-35.282051,149.142395,EUREE ST BEFORE ELIMATTA ST,REID,"(-35.282051, 149.142395)",0.015828988367216298,0.1571724000787319
260,3095,-35.284328,149.143967,CURRONG ST BEFORE ANZAC PARK WEST,REID,"(-35.284328, 149.143967)",0.015302792303445448,0.2363470164427682
261,1493,-35.426308,149.112473,CLIFT CR AFTER HEAGNEY CR,RICHARDSON,"(-35.426308, 149.112473)",0.0169454476987965,0.41303928626896574
262,1494,-35.425385,149.114075,HEAGNEY CR AFTER CLIFT CR,RICHARDSON,"(-35.425385, 149.114075)",0.02515632886766221,0.5278131548146876
263,1491,-35.427624,149.109787,CLIFT CR AFTER ROHAN ST,RICHARDSON,"(-35.427624, 149.109787)",0.019185650434502648,0.38011069814037113
264,2298,-35.350685,149.042145,STREETON DR 2ND AFTER DARWINIA TCE,RIVETT,"(-35.350685, 149.042145)",0.023520017821782948,0.48021426334724615
265,2299,-35.352505,149.041595,STREETON DR NORTH OF DARWINIA TCE,RIVETT,"(-35.352505, 149.041595)",0.01771771450412453,0.5978825667830395
266,2429,-35.34903,149.036453,BANGALAY CR AFTER CASUARINA ST,RIVETT,"(-35.34903, 149.036453)",0.0195419319666099,0.18117349503607824
267,3072,-35.298778999999996,149.15086399999998,RUSSELL DR BEFORE KINGS AV CARPARK,RUSSELL,"(-35.298779, 149.150864)",0.022571158444808014,0.2109255081812
268,3073,-35.29874,149.151108,RUSSELL DR AFTER VIVIAN BULLWINKEL ST,RUSSELL,"(-35.29874, 149.151108)",0.022571158444808014,0.2135063349028386
269,3070,-35.300713,149.15094,RUSSELL DR AFTER KELLIHER DR,RUSSELL,"(-35.300713, 149.15094)",0.09115200978379509,0.42351078906162165
270,5024,-35.230408000000004,149.04650900000001,SOUTHERN CROSS DR AFTER LUXTON ST,SCULLIN,"(-35.230408, 149.046509)",0.2192145276152145,0.8843313608042548
271,5022,-35.231949,149.034454,KINGSFORD SMITH DR AFTER WIRRAWAY CR,SCULLIN,"(-35.231949, 149.034454)",0.029097313707759687,0.46833321423754165
272,4825,-35.240807000000004,149.038712,BELCONNEN WY 2ND AFTER MACKINOLTY ST,SCULLIN,"(-35.240807, 149.038712)",0.020234629591012777,0.6777087656744927
273,4807,-35.200703000000004,149.06858799999998,COPLAND DR SPENCE TERMINUS,SPENCE,"(-35.200703, 149.068588)",0.2359369076016758,0.3622457554923229
274,4940,-35.204258,149.060196,ALPEN ST AFTER KINGSFORD SMITH DR,SPENCE,"(-35.204258, 149.060196)",0.015934470867015528,0.7549766397656418
275,4093,-35.194771,149.063766,CLAREY CR AFTER CLARK CL,SPENCE,"(-35.194771, 149.063766)",0.01220999107130563,0.47821792418590503
276,201,-35.347042,149.047943,FREMANTLE DR AFTER MCKAIL CR,STIRLING,"(-35.347042, 149.047943)",0.04163303058008108,0.2868084657970196
277,2428,-35.353851,149.04689,FREMANTLE DR BEFORE CROWDER CCT,STIRLING,"(-35.353851, 149.04689)",0.08054780019231592,0.6088897036904791
278,2426,-35.352509000000005,149.049042,FREMANTLE DR AFTER CROWDER CCT,STIRLING,"(-35.352509, 149.049042)",0.01655011190186559,0.3998649648986194
279,4965,-35.344452000000004,149.155685,JERRABOMBERRA AV AGSO,SYMONSTON,"(-35.344452, 149.155685)",0.08777212243408868,2.01599663671321
280,4963,-35.348704999999995,149.155899,NARRABUNDAH LANE SUNDOWN MOTEL RESORT,SYMONSTON,"(-35.348705, 149.155899)",0.011257121302675177,2.001628954612453
281,4964,-35.343983,149.154907,JERRABOMBERRA AV OPP AGSO,SYMONSTON,"(-35.343983, 149.154907)",0.08777212243408868,2.0922293308529856
282,1033,-35.447277,149.124619,LAWRENCE WACKETT CR OPP THEODORE PRIMARY SCHOOL,THEODORE,"(-35.447277, 149.124619)",0.014672059631486913,0.27657807173618304
283,1034,-35.447346,149.124481,LAWRENCE WACKETT CR THEODORE PS,THEODORE,"(-35.447346, 149.124481)",0.014672059631486913,0.27010319434911545
284,1037,-35.450821000000005,149.120102,CHIPPINDALL CCT AFTER LOUIS LODER ST,THEODORE,"(-35.450821, 149.120102)",0.021286678232483314,0.5631429583158217
285,2652,-35.371284,149.092667,ATHLLON DR AFTER BEASLEY ST,TORRENS,"(-35.371284, 149.092667)",0.14996435348193868,0.5210596784745386
286,2653,-35.375782,149.09321599999998,ATHLLON DR 2ND AFTER BEASLEY ST,TORRENS,"(-35.375782, 149.093216)",0.3549832588701858,0.6381048066552669
287,2673,-35.372593,149.093063,ATHLLON DR AFTER BEASLEY ST,TORRENS,"(-35.372593, 149.093063)",0.14996435348193868,0.5301620481120697
288,3431,-35.272812,149.12236000000001,MCCAUGHEY ST AFTER BARRY DR,TURNER,"(-35.272812, 149.12236)",0.14242185711441527,0.49525255278869956
289,4566,-35.274609000000005,149.129517,NORTHBOURNE AV CANBERRA CENTRE APARTMENTS,TURNER,"(-35.274609, 149.129517)",0.08047209769629027,0.8253093959315878
290,4527,-35.272488,149.11816399999998,BARRY DR AFTER CLUNIES ROSS ST,TURNER,"(-35.272488, 149.118164)",0.09422747153291892,0.6950884101412039
291,1521,-35.396854,149.104095,LONGMORE CR AFTER HARKER PL,WANNIASSA,"(-35.396854, 149.104095)",0.05080032648884818,0.9296274184261302
292,1522,-35.397308,149.10415600000002,LONGMORE CR 4TH AFTER GAUNSON ST,WANNIASSA,"(-35.397308, 149.104156)",0.05080032648884818,0.8966639033871144
293,1519,-35.398785,149.102921,LONGMORE CR AFTER PETIT PL,WANNIASSA,"(-35.398785, 149.102921)",0.01769089914183131,0.70190178574978
294,2415,-35.352478000000005,149.060608,NEMERANG CR WARAMANGA SHOPS,WARAMANGA,"(-35.352478, 149.060608)",0.02246842631206847,0.2246348098675736
295,2418,-35.355404,149.060379,NEMARANG CR AFTER DALABON CR,WARAMANGA,"(-35.355404, 149.060379)",0.015285314062601035,0.35782169884825316
296,2419,-35.357395000000004,149.059464,YAMBINA CR AFTER BADIMARA ST,WARAMANGA,"(-35.357395, 149.059464)",0.040732853154747464,0.5847015176534883
297,3248,-35.23798,149.153641,KNOX ST 2ND AFTER DICKINSON ST,WATSON,"(-35.23798, 149.153641)",0.13154006243710245,0.04821432995795911
298,3250,-35.234707,149.151703,KNOX ST AFTER PIDDINGTON ST,WATSON,"(-35.234707, 149.151703)",0.2649533967707859,0.4296461754891677
299,3252,-35.232521000000006,149.153198,KNOX ST OPP OLD WATSON TERMINUS,WATSON,"(-35.232521, 149.153198)",0.24480520958570867,0.6465841264797865
300,4893,-35.243342999999996,149.048126,BELCONNEN WY BEFORE SPRINGVALE DR,WEETANGERA,"(-35.243343, 149.048126)",0.029998436117080907,0.7447011558367717
301,4440,-35.251377000000005,149.049179,SHUMACK ST OPPOSITE WEETANGERA PRIMARY,WEETANGERA,"(-35.251377, 149.049179)",0.0637741977651273,0.15402407885833763
302,4437,-35.253723,149.051651,SHUMACK ST AFTER COULTER DR,WEETANGERA,"(-35.253723, 149.051651)",0.01749277577043552,0.4790298225100008
303,1246,-35.340843,149.052338,BRIERLY ST COOLEMAN CT PLT1,WESTON,"(-35.340843, 149.052338)",0.016128325818384193,0.6821934277107646
304,1247,-35.340981,149.050278,STREETON DR BEFORE HINDMARSH DR,WESTON,"(-35.340981, 149.050278)",0.18691128853969466,0.8580415927487626
305,1809,-35.322590000000005,149.057617,OPP NORTH WESTON PARK & RIDE,WESTON,"(-35.32259, 149.057617)",0.11798181191252916,1.7186400481660236
306,2811,-35.32478,149.043381,JOHN GORTON DR AFTER COTTER RD,WRIGHT,"(-35.32478, 149.043381)",0.13203156548730277,1.2792476052585569
307,2806,-35.320232,149.036819,STEVE IRWIN AVE AFTER JOHN GORTON DR,WRIGHT,"(-35.320232, 149.036819)",0.09202030175727455,0.4993709123518531
308,2809,-35.319416,149.036652,JOHN GORTON DR AFTER STEVE IRWIN AVE,WRIGHT,"(-35.319416, 149.036652)",0.09202030175727455,0.4267029762189798
309,2448,-35.312031,149.098297,NOVAR ST BEFORE KINTORE CR,YARRALUMLA,"(-35.312031, 149.098297)",0.011898565783972782,0.7720351499815674
310,2449,-35.31015,149.098282,NOVAR ST AFTER WESTON ST,YARRALUMLA,"(-35.31015, 149.098282)",0.007866959686940843,0.5628483513165362
311,2452,-35.303771999999995,149.099091,SCHLICH ST AFTER NOVAR ST,YARRALUMLA,"(-35.303772, 149.099091)",0.03383184839892341,0.17228478349143952
