,Stop ID,Stop Latitude,Stop Longitude,Stop Name,Suburb,Location,distance_next_stop,distance_suburb_center,# of Bus Stops (in Suburbs),Population Density
,,,,,,,,,,
0,8889,-35.288746,149.127365,COMMONWEALTH AV AFTER ALBERT HALL,ACTON,"(-35.288746, 149.127365)",0.057038263,1.260067683,0.008587041,0.526315789
,,,,,,,,,,
1,3486,-35.282188,149.120972,LIVERSIDGE ST AFTER GARRAN RD,ACTON,"(-35.282188, 149.120972)",0.032245127,0.335269441,0.008587041,0.526315789
,,,,,,,,,,
2,3487,-35.282471,149.120895,LIVERSIDGE AFTER ELLERY CR,ACTON,"(-35.282471, 149.120895)",0.032245127,0.361552665,0.008587041,0.526315789
,,,,,,,,,,
3,3147,-35.262012,149.141815,COWPER ST 2ND AFTER BONNEY ST,AINSLIE,"(-35.262012, 149.141815)",0.061648449,0.229976216,0.013270882,0.4
,,,,,,,,,,
4,3144,-35.265167,149.139267,COWPER ST OPP ALL SAINTS CHURCH,AINSLIE,"(-35.265167, 149.139267)",0.073414064,0.518313747,0.013270882,0.4
,,,,,,,,,,
5,3145,-35.264374,149.140884,COWPER ST AFTER BONNEY ST,AINSLIE,"(-35.264374, 149.140884)",0.103640006,0.34700772,0.013270882,0.4
,,,,,,,,,,
6,5081,-35.169155,149.12941,KATHERINE AV AFTER TIMBORAM ST,AMAROO,"(-35.169155, 149.12941)",0.175986596,0.252962583,0.005854801,0.384615385
,,,,,,,,,,
7,5082,-35.16946,149.131821,KATHERINE AV AFTER COOLOOLA ST,AMAROO,"(-35.16946, 149.131821)",0.221830192,0.34220863,0.005854801,0.384615385
,,,,,,,,,,
8,5080,-35.168079,149.127991,KATHERINE AV AFTER SHOALHAVEN AV,AMAROO,"(-35.168079, 149.127991)",0.105692823,0.377116018,0.005854801,0.384615385
,,,,,,,,,,
9,4521,-35.256203,149.079651,BANDJALONG CR ARANDA PRIMARY,ARANDA,"(-35.256203, 149.079651)",0.035728063,0.239030684,0.005464481,0.625
,,,,,,,,,,
10,4522,-35.256348,149.0793,BANDJALONG CR OPP ARANDA PRIMARY,ARANDA,"(-35.256348, 149.0793)",0.035728063,0.229762944,0.005464481,0.625
,,,,,,,,,,
11,4525,-35.259003,149.084671,BANDJALONG BEFORE BANAMBILA ST,ARANDA,"(-35.259003, 149.084671)",0.094903558,0.430740285,0.005464481,0.625
,,,,,,,,,,
12,1262,-35.469933,149.098663,WIBURD ST BEFORE POCKETT AV,BANKS,"(-35.469933, 149.098663)",0.104645683,0.475899372,0.010928962,0.434782609
,,,,,,,,,,
13,1261,-35.46656,149.10051,TOM ROBERTS BEFORE MCLUCKIE CR,BANKS,"(-35.46656, 149.10051)",0.019249667,0.873072208,0.010928962,0.434782609
,,,,,,,,,,
14,1227,-35.472431,149.095947,POCKETT AV BANKS SHOPS,BANKS,"(-35.472431, 149.095947)",0.119956646,0.106604117,0.010928962,0.434782609
,,,,,,,,,,
15,2446,-35.309296,149.132553,BRISBANE AV AFTER NATIONAL CCT,BARTON,"(-35.309296, 149.132553)",0.058297667,0.240772031,0.005074161,0.452488688
,,,,,,,,,,
16,2447,-35.308884,149.13295,BRISBANE AV AFTER STATE CIR,BARTON,"(-35.308884, 149.13295)",0.058297667,0.183095444,0.005074161,0.452488688
,,,,,,,,,,
17,2375,-35.309258,149.136505,BRISBANE AV AFTER MACQUARIE ST,BARTON,"(-35.309258, 149.136505)",0.07277154,0.249192779,0.005074161,0.452488688
,,,,,,,,,,
18,5141,-35.233608,149.062439,JOYNTON SMITH DR AFTER MORELL ST,BELCONNEN,"(-35.233608, 149.062439)",0.015085568,0.443265653,0.019906323,0.227272727
,,,,,,,,,,
19,5142,-35.2337,149.062317,JOYNTON SMITH DR AFTER BEISSEL ST,BELCONNEN,"(-35.2337, 149.062317)",0.015085568,0.440622238,0.019906323,0.227272727
,,,,,,,,,,
20,5139,-35.230595,149.061752,JOYNTON SMITH DR AFTER SUTHERLAND CR,BELCONNEN,"(-35.230595, 149.061752)",0.073582297,0.771123129,0.019906323,0.227272727
,,,,,,,,,,
21,6329,-35.160358,149.136246,MOBOURNE ST AFTER RODEN CUTLER DR,BONNER,"(-35.160358, 149.136246)",0.357913083,0.501741684,0.00273224,0.357142857
,,,,,,,,,,
22,6331,-35.162155,149.139511,MABO BVD BONNER SHOPS,BONNER,"(-35.162155, 149.139511)",0.357913083,0.612784259,0.00273224,0.357142857
,,,,,,,,,,
23,6325,-35.154099,149.139542,ESSIE COFFEY ST BEFORE MUMSHIRL ST,BONNER,"(-35.154099, 149.139542)",0.358324208,1.255150061,0.00273224,0.357142857
,,,,,,,,,,
24,1046,-35.426731,149.074173,BARR SMITH AV AFTER SALAS ST,BONYTHON,"(-35.426731, 149.074173)",0.018736004,0.853645861,0.008587041,0.344827586
,,,,,,,,,,
25,1047,-35.426899,149.074188,BARR SMITH AV AFTER DON DUNSTAN DR,BONYTHON,"(-35.426899, 149.074188)",0.018736004,0.842250608,0.008587041,0.344827586
,,,,,,,,,,
26,1044,-35.434803,149.086151,HURTLE AV AFTER NOARLUNGA CR,BONYTHON,"(-35.434803, 149.086151)",0.018614974,0.566095177,0.008587041,0.344827586
,,,,,,,,,,
27,300,-35.273621,149.140823,DONALDSON ST AFTER AINSLIE PRIMARY SCHOOL,BRADDON,"(-35.273621, 149.140823)",0.101642198,0.513379488,0.011319282,0.714285714
,,,,,,,,,,
28,2560,-35.266106,149.136871,IPIMA ST MERICI CLG,BRADDON,"(-35.266106, 149.136871)",0.078084843,0.660249354,0.011319282,0.714285714
,,,,,,,,,,
29,3385,-35.273182,149.135529,FAWKNER ST AFTER FARRER ST,BRADDON,"(-35.273182, 149.135529)",0.062459377,0.13772436,0.011319282,0.714285714
,,,,,,,,,,
30,4973,-35.251682,149.090225,MARY POTTER CCT CALVARY HOSPITAL,BRUCE,"(-35.251682, 149.090225)",0.026022303,1.613377284,0.015612802,0.172413793
,,,,,,,,,,
31,4971,-35.240219,149.091599,EARDLEY ST AFTER HAYDON DR,BRUCE,"(-35.240219, 149.091599)",0.014975505,1.34095762,0.015612802,0.172413793
,,,,,,,,,,
32,4982,-35.240353,149.091583,EARDLEY ST AFTER THYNNE ST,BRUCE,"(-35.240353, 149.091583)",0.014975505,1.337395967,0.015612802,0.172413793
,,,,,,,,,,
33,1029,-35.441601,149.100906,DUGGAN ST AFTER THARWA DR,CALWELL,"(-35.441601, 149.100906)",0.01939262,0.91629437,0.011709602,0.256410256
,,,,,,,,,,
34,1030,-35.441601,149.10112,DUGGAN ST AFTER ANDREW CR,CALWELL,"(-35.441601, 149.10112)",0.01939262,0.898892252,0.011709602,0.256410256
,,,,,,,,,,
35,1027,-35.439865,149.098618,DUGGAN ST AFTER DOWNARD ST,CALWELL,"(-35.439865, 149.098618)",0.012943328,1.0521211,0.011709602,0.256410256
,,,,,,,,,,
36,3474,-35.282707,149.148727,FAIRBAIRN AV AFTER CRESWELL ST,CAMPBELL,"(-35.282707, 149.148727)",0.11968554,0.757398869,0.017174083,0.15625
,,,,,,,,,,
37,3473,-35.282612,149.15004,FAIRBAIRN AV AFTER WAR MEMORIAL SERVICE RD,CAMPBELL,"(-35.282612, 149.15004)",0.11968554,0.699144436,0.017174083,0.15625
,,,,,,,,,,
38,3424,-35.292652,149.163208,MILNE BAY RD 2ND AFTER GENERAL BRIDGES RD,CAMPBELL,"(-35.292652, 149.163208)",0.161587161,0.988519415,0.017174083,0.15625
,,,,,,,,,,
39,5111,-35.29586,149.18956,CATALINA DR COSTCO,CANBERRA AIRPORT,"(-35.29586, 149.18956)",0.170881227,0,0.0039,0.21
,,,,,,,,,,
40,5103,-35.299023,149.188065,CATALINA DR,CANBERRA AIRPORT,"(-35.299023, 149.188065)",0.108966571,0,0.0039,0.21
,,,,,,,,,,
41,5110,-35.29961,149.189026,DAKOTA DR AFTER SPITFIRE AV,CANBERRA AIRPORT,"(-35.29961, 149.189026)",0.108966571,0,0.0039,0.21
,,,,,,,,,,
42,2587,-35.309078,149.126083,PARLIAMENT DR NEW PARLIAMENT HOUSE,CAPITAL HILL,"(-35.309078, 149.126083)",0.350093301,0.187538557,0.0019516,0
,,,,,,,,,,
43,2586,-35.30727,149.122742,PARLIAMENT DR PARLIAMENT HOUSE,CAPITAL HILL,"(-35.30727, 149.122742)",0.358375845,0.176557301,0.0019516,0
,,,,,,,,,,
44,2245,-35.305534,149.126068,FEDERATION MALL PARLIAMENT HOUSE NORTHBOUND,CAPITAL HILL,"(-35.305534, 149.126068)",0.104444657,0.323088282,0.0019516,0
,,,,,,,,,,
45,4842,-35.162437,149.098358,PLIMSOLL DR BEFORE RONALD WALKER ST,CASEY,"(-35.162437, 149.098358)",0.104046392,1.382200343,0.004683841,0.384615385
,,,,,,,,,,
46,4843,-35.159519,149.101334,WHITROD AV AFTER KOWALSKI ST,CASEY,"(-35.159519, 149.101334)",0.03969818,1.759385849,0.004683841,0.384615385
,,,,,,,,,,
47,4841,-35.163345,149.098083,PLIMSOLL DR BEFORE BOTT CR,CASEY,"(-35.163345, 149.098083)",0.104046392,1.278516616,0.004683841,0.384615385
,,,,,,,,,,
48,1269,-35.358208,149.047882,NAMATJIRA DR AFTER PERRY DR,CHAPMAN,"(-35.358208, 149.047882)",0.030430741,12347.59416,0.007416081,0.526315789
,,,,,,,,,,
49,1270,-35.360443,149.047653,NAMATJIRA DR AFTER KAPUNDA ST,CHAPMAN,"(-35.360443, 149.047653)",0.021616954,12347.72649,0.007416081,0.526315789
,,,,,,,,,,
50,1271,-35.36356,149.049606,NAMATJIRA DR 3RD FROM DRAKEFORD DR,CHAPMAN,"(-35.36356, 149.049606)",0.012944295,12347.72781,0.007416081,0.526315789
,,,,,,,,,,
51,4208,-35.203167,149.027878,LHOTSKY ST AFTER CARTWRIGHT ST,CHARNWOOD,"(-35.203167, 149.027878)",0.026330839,0.900822775,0.007806401,0.526315789
,,,,,,,,,,
52,4209,-35.201019,149.027161,LHOTSKY ST BEFORE SPORT WY,CHARNWOOD,"(-35.201019, 149.027161)",0.031078378,0.901424024,0.007806401,0.526315789
,,,,,,,,,,
53,4206,-35.205486,149.032501,LHOTSKY ST CHARNWOOD SHOPS,CHARNWOOD,"(-35.205486, 149.032501)",0.065605126,0.734544179,0.007806401,0.526315789
,,,,,,,,,,
54,2000,-35.353077,149.080521,EGGLESTONE AFTER MACLAURIN,CHIFLEY,"(-35.353077, 149.080521)",0.024046926,0.331276808,0.005464481,0.625
,,,,,,,,,,
55,262,-35.351879,149.08403,EGGLESTON CR 2ND AFTER MACLAURIN CR,CHIFLEY,"(-35.351879, 149.08403)",0.016573245,0.573584811,0.005464481,0.625
,,,,,,,,,,
56,263,-35.352028,149.08403,EGGLESTON CR AFTER MELROSE DR,CHIFLEY,"(-35.352028, 149.08403)",0.016573245,0.576285638,0.005464481,0.625
,,,,,,,,,,
57,1500,-35.418312,149.11557,BEATTIE CR AFTER GOLDSTEIN CR,CHISHOLM,"(-35.418312, 149.11557)",0.045307745,0.90482276,0.016003123,0.322580645
,,,,,,,,,,
58,1003,-35.418968,149.120026,HAMBIDGE CR AFTER TRUGANINI PL,CHISHOLM,"(-35.418968, 149.120026)",0.007963839,0.620241786,0.016003123,0.322580645
,,,,,,,,,,
59,1121,-35.429241,149.121445,DEAMER CR AFTER CLIFT CR,CHISHOLM,"(-35.429241, 149.121445)",0.047436493,0.572423314,0.016003123,0.322580645
,,,,,,,,,,
60,8831,-35.278988,149.12886,CITY BUS STN NORTHBOURNE AV PLT 11,CITY,"(-35.278988, 149.12886)",0.052727507,3.196933755,0.010928962,0.666666667
,,,,,,,,,,
61,1821,-35.279144,149.12558,CITY WEST PLATFORM 1,CITY,"(-35.279144, 149.12558)",0.164789302,3.155799931,0.010928962,0.666666667
,,,,,,,,,,
62,1723,-35.278553,149.1306,CITY BUS STN ARRIVALS,CITY,"(-35.278553, 149.1306)",0.022002622,3.268335136,0.010928962,0.666666667
,,,,,,,,,,
63,6018,-35.465488,149.106583,TEMPLESTOWE AV AFTER HUMPHREY ST,CONDER,"(-35.465488, 149.106583)",0.063263203,1.203104502,0.010928962,0.222222222
,,,,,,,,,,
64,6015,-35.466454,149.108536,TEMPLESTOWE AV AFTER 2ND MONTEFIORE CR,CONDER,"(-35.466454, 149.108536)",0.010960787,1.405884765,0.010928962,0.222222222
,,,,,,,,,,
65,6016,-35.466518,149.108444,TEMPLESTOWE AV AFTER KOHLHAGEN ST,CONDER,"(-35.466518, 149.108444)",0.010960787,1.404491838,0.010928962,0.222222222
,,,,,,,,,,
66,4512,-35.256199,149.066132,REDFERN ST 2ND BEFORE LYTTLETON CR,COOK,"(-35.256199, 149.066132)",0.01234373,0.441655192,0.005464481,0.588235294
,,,,,,,,,,
67,4514,-35.256001,149.068222,REDFERN ST AFTER DEXTER ST,COOK,"(-35.256001, 149.068222)",0.024007424,0.571124311,0.005464481,0.588235294
,,,,,,,,,,
68,4645,-35.260685,149.072556,LYTTLETON CR AFTER BOURNE ST,COOK,"(-35.260685, 149.072556)",0.025368021,0.794421419,0.005464481,0.588235294
,,,,,,,,,,
69,2812,-35.325386,149.044632,JOHN GORTON DR AFTER HAROLD WHITE AVE,COOMBS,"(-35.325386, 149.044632)",0.132031565,0.72074669,0.00234192,0.434782609
,,,,,,,,,,
70,2810,-35.320015,149.037918,JOHN GORTON DR AFTER FRED DALY AVE,COOMBS,"(-35.320015, 149.037918)",0.082266904,0.638303014,0.00234192,0.434782609
,,,,,,,,,,
71,3329,-35.319286,149.038071,FRED DALY BEFORE JOHN GORTON,COOMBS,"(-35.319286, 149.038071)",0.042739216,0.613872613,0.00234192,0.434782609
,,,,,,,,,,
72,6334,-35.200642,149.104126,ABENA AV AFTER CHANCE ST,CRACE,"(-35.200642, 149.104126)",0.014295381,0.538646022,0.003903201,0.588235294
,,,,,,,,,,
73,6335,-35.200768,149.104095,ABENA AV AFTER TAPLOW ST,CRACE,"(-35.200768, 149.104095)",0.014295381,0.527921077,0.003903201,0.588235294
,,,,,,,,,,
74,6332,-35.200691,149.113632,LANGTREE CR AFTER DURONG ST,CRACE,"(-35.200691, 149.113632)",0.037506321,0.756933764,0.003903201,0.588235294
,,,,,,,,,,
75,2020,-35.320927,149.081589,MCCULLOCH ST AFTER REYNOLDS ST,CURTIN,"(-35.320927, 149.081589)",0.082812279,0.56996804,0.010538642,0.208333333
,,,,,,,,,,
76,2017,-35.325825,149.085236,CARRUTHERS ST AFTER YARRA GLEN,CURTIN,"(-35.325825, 149.085236)",0.039477264,0.683008492,0.010538642,0.208333333
,,,,,,,,,,
77,2018,-35.324993,149.083008,CARRUTHERS ST CURTIN SHOPS,CURTIN,"(-35.324993, 149.083008)",0.047599808,0.474627312,0.010538642,0.208333333
,,,,,,,,,,
78,2304,-35.318466,149.095627,STRICKLAND CR CALVARY JOHN JAMES HOSPITAL,DEAKIN,"(-35.318466, 149.095627)",0.028705245,1.06803077,0.014832162,0.279329609
,,,,,,,,,,
79,2305,-35.318363,149.095337,STRICKLAND CR OPP CALVARY JOHN JAMES HOSP.,DEAKIN,"(-35.318363, 149.095337)",0.028705245,1.090672343,0.014832162,0.279329609
,,,,,,,,,,
80,2642,-35.31427,149.108826,GAWLER CR AFTER 2ND FERGUSSON CR,DEAKIN,"(-35.31427, 149.108826)",0.00841725,0.253959063,0.014832162,0.279329609
,,,,,,,,,,
81,2558,-35.252644,149.139359,COWPER ST DARAMALAN COLLEGE,DICKSON,"(-35.252644, 149.139359)",0.012801243,0.036656537,0.006245121,0.625
,,,,,,,,,,
82,3369,-35.256821,149.139679,COWPER ST BEFORE MAJURA AV,DICKSON,"(-35.256821, 149.139679)",0.117729851,0.480639978,0.006245121,0.625
,,,,,,,,,,
83,4567,-35.255196,149.13327,NORTHBOURNE AV AFTER MORPHETT ST,DICKSON,"(-35.255196, 149.13327)",0.201423443,0.658306222,0.006245121,0.625
,,,,,,,,,,
84,4749,-35.236713,149.142899,FEDERAL HWY AFTER PHILLIP AV,DOWNER,"(-35.236713, 149.142899)",0.145995806,0.850793032,0.006635441,0.625
,,,,,,,,,,
85,3246,-35.242367,149.148285,BRADFIELD ST AFTER BURN ST,DOWNER,"(-35.242367, 149.148285)",0.036761987,0.359358447,0.006635441,0.625
,,,,,,,,,,
86,3244,-35.243435,149.144501,BRADFIELD ST AFTER FRENCHAM ST,DOWNER,"(-35.243435, 149.144501)",0.090116617,0.093188366,0.006635441,0.625
,,,,,,,,,,
87,2410,-35.34256,149.032303,WYANGALA ST AFTER WARANGA PL,DUFFY,"(-35.34256, 149.032303)",0.013129135,0.665092816,0.011319282,0.357142857
,,,,,,,,,,
88,2409,-35.33289,149.037338,BURRINJUCK CR AFTER SERPENTINE ST,DUFFY,"(-35.33289, 149.037338)",0.018477169,0.503981793,0.011319282,0.357142857
,,,,,,,,,,
89,1637,-35.343933,149.027664,HINDMARSH DR WESTON CREEK TERMINUS,DUFFY,"(-35.343933, 149.027664)",0.018801253,1.018691717,0.011319282,0.357142857
,,,,,,,,,,
90,5025,-35.202499,149.021942,GINNINDERRA DR AFTER LANCE HILL AV,DUNLOP,"(-35.202499, 149.021942)",0.022258283,0.792184044,0.011319282,0.277777778
,,,,,,,,,,
91,5026,-35.189392,149.021713,KERRIGAN ST AFTER TRAEGER ST,DUNLOP,"(-35.189392, 149.021713)",0.042470316,0.703080009,0.011319282,0.277777778
,,,,,,,,,,
92,4970,-35.196499,149.015213,KERRIGAN ST AFTER BEDOURIE ST,DUNLOP,"(-35.196499, 149.015213)",0.010494063,0.447579899,0.011319282,0.277777778
,,,,,,,,,,
93,4897,-35.210442,149.069794,ASHKANASY CR AFTER CLANCY ST,EVATT,"(-35.210442, 149.069794)",0.012609697,0.228324661,0.014051522,0.322580645
,,,,,,,,,,
94,4898,-35.210388,149.069672,ASHKANASY CR AFTER PITCAIRN ST,EVATT,"(-35.210388, 149.069672)",0.012609697,0.223305643,0.014051522,0.322580645
,,,,,,,,,,
95,4569,-35.210682,149.067444,ASHKANASY CR AFTER JENKS PL,EVATT,"(-35.210682, 149.067444)",0.044011873,0.11368828,0.014051522,0.322580645
,,,,,,,,,,
96,1159,-35.398518,149.122116,BUGDEN AV AFTER 2ND MULLAN ST,FADDEN,"(-35.398518, 149.122116)",0.006998564,0.537836439,0.010148322,0.322580645
,,,,,,,,,,
97,1160,-35.398529,149.122192,BUGDEN AV AFTER COURTICE CL,FADDEN,"(-35.398529, 149.122192)",0.006998564,0.541767632,0.010148322,0.322580645
,,,,,,,,,,
98,1161,-35.400242,149.115692,BUGDEN AV AFTER DASH CR,FADDEN,"(-35.400242, 149.115692)",0.07906515,0.286399251,0.010148322,0.322580645
,,,,,,,,,,
99,2477,-35.373634,149.101715,MARSHALL ST AFTER SPAFFORD CR,FARRER,"(-35.373634, 149.101715)",0.09128088,0.513513884,0.005464481,0.476190476
,,,,,,,,,,
100,2655,-35.371723,149.098709,BEASLEY ST AFTER WILKINS ST,FARRER,"(-35.371723, 149.098709)",0.052606907,0.853855599,0.005464481,0.476190476
,,,,,,,,,,
101,2654,-35.371151,149.100723,BEASLEY ST AFTER MARSHALL ST,FARRER,"(-35.371151, 149.100723)",0.116644943,0.791621609,0.005464481,0.476190476
,,,,,,,,,,
102,1264,-35.358479,149.047928,NAMATJIRA DR SOUTHBOUND AFTER STREETON DR,FISHER,"(-35.358479, 149.047928)",0.030430741,0.869399666,0.006245121,0.625
,,,,,,,,,,
103,1265,-35.360592,149.047806,NAMATJIRA DR BEFORE KAPUNDA ST,FISHER,"(-35.360592, 149.047806)",0.021616954,0.835227026,0.006245121,0.625
,,,,,,,,,,
104,1263,-35.355114,149.050797,NAMATJIRA DR AFTER BADIMARA ST,FISHER,"(-35.355114, 149.050797)",0.028891525,0.863283458,0.006245121,0.625
,,,,,,,,,,
105,5028,-35.231945,149.049728,SOUTHERN CROSS AFTER RATCLIFFE ST,FLOREY,"(-35.231945, 149.049728)",0.067450273,0.680326268,0.012880562,0.357142857
,,,,,,,,,,
106,5003,-35.229382,149.044449,SOUTHERN CROSS DR BEFORE RATCLIFFE CR,FLOREY,"(-35.229382, 149.044449)",0.219214528,0.601504042,0.012880562,0.357142857
,,,,,,,,,,
107,4064,-35.224728,149.054993,JOHN CLELAND CR AFTER CONNAH ST,FLOREY,"(-35.224728, 149.054993)",0.015387846,0.518961219,0.012880562,0.357142857
,,,,,,,,,,
108,4570,-35.213284,149.046417,KINGSFORD SMITH DR AFTER COMPANION CR,FLYNN,"(-35.213284, 149.046417)",0.104367613,1.249773595,0.008587041,0.476190476
,,,,,,,,,,
109,4436,-35.210693,149.047989,KINGSFORD SMITH DR BEFORE VERBRUGGHEN ST,FLYNN,"(-35.210693, 149.047989)",0.191384466,0.934749232,0.008587041,0.476190476
,,,,,,,,,,
110,4202,-35.208279,149.042145,COMPANION CR AFTER 2ND NULSEN CCT,FLYNN,"(-35.208279, 149.042145)",0.017848908,0.979569013,0.008587041,0.476190476
,,,,,,,,,,
111,6339,-35.178909,149.144272,DAVID WALSH AVE AFTER HORSE PARK DR,FORDE,"(-35.178909, 149.144272)",0.042118768,1.396979406,0.005464481,0.526315789
,,,,,,,,,,
112,6312,-35.171356,149.148834,ZAKHAROV AFTER JUSTICE KELLY ST,FORDE,"(-35.171356, 149.148834)",0.069000335,0.762394197,0.005464481,0.526315789
,,,,,,,,,,
113,6317,-35.162506,149.149857,AMY ACKMAN ST AFTER TURBAYNE CRES,FORDE,"(-35.162506, 149.149857)",0.36016046,0.754310859,0.005464481,0.526315789
,,,,,,,,,,
114,2313,-35.318478,149.11557,MELBOURNE AV OPP SENIOR GIRLS GRAMMAR SCHOOL,FORREST,"(-35.318478, 149.11557)",0.053211924,0.857137466,0.003903201,0.636942675
,,,,,,,,,,
115,2595,-35.316414,149.117416,MELBOURNE AV BEFORE EMPIRE CCT,FORREST,"(-35.316414, 149.117416)",0.080155089,0.712138844,0.003903201,0.636942675
,,,,,,,,,,
116,2593,-35.312927,149.120529,MELBOURNE AV SOUTH OF SOMERS CR,FORREST,"(-35.312927, 149.120529)",0.083544699,0.700097811,0.003903201,0.636942675
,,,,,,,,,,
117,6186,-35.200275,149.141541,OODGEROO AV AFTER GWEN MEREDITH,FRANKLIN,"(-35.200275, 149.141541)",0.014350626,0.092375532,0.007416081,0.434782609
,,,,,,,,,,
118,6187,-35.200394,149.141602,OOGEROO AV BEFORE HOSKINS ST,FRANKLIN,"(-35.200394, 149.141602)",0.014350626,0.092641173,0.007416081,0.434782609
,,,,,,,,,,
119,6185,-35.189995,149.143555,MANNING CLARK CR AFTER FLEMINGTON RD,FRANKLIN,"(-35.189995, 149.143555)",0.013908019,1.116978559,0.007416081,0.434782609
,,,,,,,,,,
120,4933,-35.189999,149.047211,DALEY CR OPP FRASER EAST TERMINUS,FRASER,"(-35.189999, 149.047211)",0.067283081,0.412118334,0.012490242,0.4
,,,,,,,,,,
121,4932,-35.190842,149.035538,SHAKESPEARE CR FRASER OPP WEST TERMINUS,FRASER,"(-35.190842, 149.035538)",0.054340672,1.377539784,0.012490242,0.4
,,,,,,,,,,
122,4887,-35.192387,149.053879,BINGLEY CR AFTER MORONEY ST,FRASER,"(-35.192387, 149.053879)",0.067952277,0.302319918,0.012490242,0.4
,,,,,,,,,,
123,5127,-35.330887,149.162582,CANBERRA AV AFTER IPSWICH ST,FYSHWICK,"(-35.330887, 149.162582)",0.101172904,1.057174456,0.017174083,0.102459016
,,,,,,,,,,
124,2406,-35.327408,149.181198,ALBANY ST BEFORE COLLIE ST,FYSHWICK,"(-35.327408, 149.181198)",0.063448055,0.676775174,0.017174083,0.102459016
,,,,,,,,,,
125,2407,-35.326725,149.178391,WOLLONGONG ST COMMONWEALTH BANK,FYSHWICK,"(-35.326725, 149.178391)",0.114529133,0.472031418,0.017174083,0.102459016
,,,,,,,,,,
126,2302,-35.345757,149.104965,GILMORE CR AFTER ELDRIDGE CR,GARRAN,"(-35.345757, 149.104965)",0.012100453,0.500457761,0.010928962,0.37037037
,,,,,,,,,,
127,2303,-35.345863,149.104935,GILMORE CR 2ND AFTER HARTIGAN ST,GARRAN,"(-35.345863, 149.104935)",0.012100453,0.511817812,0.010928962,0.37037037
,,,,,,,,,,
128,2382,-35.346485,149.099747,YAMBA DR THE CANBERRA HOSPITAL,GARRAN,"(-35.346485, 149.099747)",0.028265031,0.899750274,0.010928962,0.37037037
,,,,,,,,,,
129,1145,-35.414936,149.132904,HEAGNEY CR AFTER LOUISA LAWSON CR NORTH ENTRY,GILMORE,"(-35.414936, 149.132904)",0.009707077,0.674553841,0.007416081,0.476190476
,,,,,,,,,,
130,1142,-35.416759,149.135056,HEAGNEY CR 3RD AFTER EMILY BULLOCK CR,GILMORE,"(-35.416759, 149.135056)",0.041961878,0.507205789,0.007416081,0.476190476
,,,,,,,,,,
131,1146,-35.414982,149.132813,HEAGNEY CR BEFORE HAMBIDGE CR,GILMORE,"(-35.414982, 149.132813)",0.009707077,0.669595727,0.007416081,0.476190476
,,,,,,,,,,
132,5015,-35.217415,149.090332,BALDWIN DR AFTER GUM ST,GIRALANG,"(-35.217415, 149.090332)",0.01435964,0.873127461,0.011709602,0.416666667
,,,,,,,,,,
133,5016,-35.217575,149.086792,BALDWIN DR AFTER WILLIAM SLIM DR,GIRALANG,"(-35.217575, 149.086792)",0.014624972,1.136071273,0.011709602,0.416666667
,,,,,,,,,,
134,5097,-35.218632,149.096756,BALDWIN DR BEFORE CHUCULBA CR,GIRALANG,"(-35.218632, 149.096756)",0.013459631,0.745109467,0.011709602,0.416666667
,,,,,,,,,,
135,1190,-35.452904,149.087967,LEWIS LUXTON AV AFTER SID BARNES CR,GORDON,"(-35.452904, 149.087967)",0.057616018,0.342232728,0.014832162,0.227272727
,,,,,,,,,,
136,1187,-35.44709,149.083847,CLARE DENNIS AV AFTER 2ND FRED LANE CR,GORDON,"(-35.44709, 149.083847)",0.123407287,0.447281267,0.014832162,0.227272727
,,,,,,,,,,
137,1188,-35.448402,149.086121,LEWIS LUXTON AV AFTER PREDDY WY,GORDON,"(-35.448402, 149.086121)",0.099696783,0.306307016,0.014832162,0.227272727
,,,,,,,,,,
138,1505,-35.414013,149.10939,CASTLETON CR OPP GOWRIE SHOPS,GOWRIE,"(-35.414013, 149.10939)",0.017049941,0.230632984,0.008196721,0.526315789
,,,,,,,,,,
139,1506,-35.412067,149.105804,CASTLETON CR AFTER 2ND WHEATLEY ST,GOWRIE,"(-35.412067, 149.105804)",0.024143512,0.38045296,0.008196721,0.526315789
,,,,,,,,,,
140,1503,-35.41452,149.112869,BUGDEN AV AFTER CASTLETON CR,GOWRIE,"(-35.41452, 149.112869)",0.036698026,0.382372812,0.008196721,0.526315789
,,,,,,,,,,
141,1068,-35.419975,149.070831,ANKETELL ST AFTER BUNNINGS WAREHOUSE,GREENWAY,"(-35.419975, 149.070831)",0.019962892,0.232234483,0.009367681,0.188679245
,,,,,,,,,,
142,1066,-35.422523,149.072922,ANKETELL ST OPP ACTEW AGL,GREENWAY,"(-35.422523, 149.072922)",0.019186421,0.568553823,0.009367681,0.188679245
,,,,,,,,,,
143,1067,-35.419796,149.070847,ANKETELL ST OPP TUGGERANONG SQUARE,GREENWAY,"(-35.419796, 149.070847)",0.019962892,0.214014494,0.009367681,0.188679245
,,,,,,,,,,
144,5091,-35.333946,149.13533,LA PEROUSE ST AFTER HAMELIN CR,GRIFFITH,"(-35.333946, 149.13533)",0.022309323,1.040250466,0.009367681,0.363636364
,,,,,,,,,,
145,2329,-35.319443,149.137543,GILES ST KINGSTON HOTEL,GRIFFITH,"(-35.319443, 149.137543)",0.09878016,0.587904514,0.009367681,0.363636364
,,,,,,,,,,
146,2330,-35.317204,149.138962,GILES ST AFTER LEICHHARDT ST,GRIFFITH,"(-35.317204, 149.138962)",0.172845827,0.851005669,0.009367681,0.363636364
,,,,,,,,,,
147,5083,-35.186932,149.124054,THE VALLEY AV AFTER GUNGAHLIN DR,GUNGAHLIN,"(-35.186932, 149.124054)",0.114390604,0.918186241,0.013270882,0.217391304
,,,,,,,,,,
148,5084,-35.187759,149.123306,BURGMANN ANGLICAN SCHOOL THE VALLEY AV,GUNGAHLIN,"(-35.187759, 149.123306)",0.114390604,1.022331131,0.013270882,0.217391304
,,,,,,,,,,
149,5085,-35.181183,149.13324,GOZZARD ST GUNGAHLIN,GUNGAHLIN,"(-35.181183, 149.13324)",0.067908703,0.214340983,0.013270882,0.217391304
,,,,,,,,,,
150,3199,-35.247097,149.162964,MADIGAN ST AFTER HADDON ST,HACKETT,"(-35.247097, 149.162964)",0.107696397,0.107999218,0.004683841,0.526315789
,,,,,,,,,,
151,3196,-35.246426,149.156311,ANTILL ST AFTER ANTILL SERVICE RD,HACKETT,"(-35.246426, 149.156311)",0.034635355,0.614791074,0.004683841,0.526315789
,,,,,,,,,,
152,3197,-35.244644,149.160065,MADIGAN ST AFTER ANTILL ST,HACKETT,"(-35.244644, 149.160065)",0.016096136,0.452513274,0.004683841,0.526315789
,,,,,,,,,,
153,6052,-35.200195,149.15834,CULTIVATION ST AFTER ENCOUNTER ST,HARRISON,"(-35.200195, 149.15834)",0.065669534,9.22E+18,0.010928962,0.333333333
,,,,,,,,,,
154,6053,-35.20068,149.157928,CULTIVATION ST AFTER NULLARBOR AV,HARRISON,"(-35.20068, 149.157928)",0.065669534,9.22E+18,0.010928962,0.333333333
,,,,,,,,,,
155,6058,-35.195549,149.15831,JENOLAN ST AFTER MAPLETON AV,HARRISON,"(-35.195549, 149.15831)",0.01807772,9.22E+18,0.010928962,0.333333333
,,,,,,,,,,
156,4810,-35.242207,149.032761,MURRANJI ST AFTER ALEXANDRIA ST,HAWKER,"(-35.242207, 149.032761)",0.041272346,0.516021825,0.009367681,0.526315789
,,,,,,,,,,
157,4811,-35.241894,149.033005,MURRANJI ST AFTER BELCONNEN WAY,HAWKER,"(-35.241894, 149.033005)",0.041272346,0.510657463,0.009367681,0.526315789
,,,,,,,,,,
158,4823,-35.241856,149.043457,BELCONNEN WY AFTER SPRINGVALE DR,HAWKER,"(-35.241856, 149.043457)",0.029732469,0.550107909,0.009367681,0.526315789
,,,,,,,,,,
159,4986,-35.229664,149.022766,FULLAGAR CR BEFORE ASHBURNER ST,HIGGINS,"(-35.229664, 149.022766)",0.051686196,0.49483627,0.013270882,0.588235294
,,,,,,,,,,
160,4987,-35.230949,149.023117,FULLAGAR CR HIGGINS OVAL,HIGGINS,"(-35.230949, 149.023117)",0.037756415,0.398935996,0.013270882,0.588235294
,,,,,,,,,,
161,4990,-35.230095,149.028442,CASTIEAU CR AFTER DETHRIDGE ST,HIGGINS,"(-35.230095, 149.028442)",0.015560831,0.261264871,0.013270882,0.588235294
,,,,,,,,,,
162,2408,-35.335564,149.046356,BLACKWOOD TCE AFTER HYNDES CR,HOLDER,"(-35.335564, 149.046356)",0.012984014,0.132254047,0.009367681,0.526315789
,,,,,,,,,,
163,2397,-35.335625,149.046478,BLACKWOOD TCE AFTER PEARSON ST,HOLDER,"(-35.335625, 149.046478)",0.012984014,0.140448496,0.009367681,0.526315789
,,,,,,,,,,
164,2394,-35.331921,149.049057,MULLEY ST GRANT CAMERON CENTRE,HOLDER,"(-35.331921, 149.049057)",0.081924052,0.584271406,0.009367681,0.526315789
,,,,,,,,,,
165,5030,-35.224972,149.005096,SPOFFORTH ST AFTER MESSSENGER ST,HOLT,"(-35.224972, 149.005096)",0.035265808,0.929493854,0.019906323,0.303030303
,,,,,,,,,,
166,4954,-35.222073,149.011917,BEAUREPAIRE CR AFTER MESSENGER ST,HOLT,"(-35.222073, 149.011917)",0.013473763,0.384079465,0.019906323,0.303030303
,,,,,,,,,,
167,4951,-35.225277,149.00499,SPOFFORTH ST BEFORE MESSENGER ST,HOLT,"(-35.225277, 149.00499)",0.035265808,0.942918942,0.019906323,0.303030303
,,,,,,,,,,
168,2016,-35.326916,149.090012,CARRUTHERS ST BEFORE GROOM ST,HUGHES,"(-35.326916, 149.090012)",0.018713239,0.767410501,0.005854801,0.555555556
,,,,,,,,,,
169,2639,-35.328667,149.088669,GROOM ST OPP ST. ANDREWS VILLAGE,HUGHES,"(-35.328667, 149.088669)",0.036894082,0.682865828,0.005854801,0.555555556
,,,,,,,,,,
170,2640,-35.331596,149.089264,GROOM ST AFTER WEBSTER ST,HUGHES,"(-35.331596, 149.089264)",0.045171225,0.457251658,0.005854801,0.555555556
,,,,,,,,,,
171,6666,-35.372116,149.170013,ALEXANDER MACONOCHIE CENTRE,HUME,"(-35.372116, 149.170013)",1.601517545,1.655545258,0.00156128,0.11627907
,,,,,,,,,,
172,2657,-35.39283,149.164597,SHEPPARD ST BEFORE TRALEE ST,HUME,"(-35.39283, 149.164597)",0.683802784,0.812740503,0.00156128,0.11627907
,,,,,,,,,,
173,2661,-35.38884,149.170334,SHEPPARD ST AFTER JOHNS PL,HUME,"(-35.38884, 149.170334)",0.402959532,0.206891787,0.00156128,0.11627907
,,,,,,,,,,
174,2461,-35.370029,149.111465,JULIA FLYNN AV AFTER DORSCH ST,ISAACS,"(-35.370029, 149.111465)",0.032880593,0.281384697,0.007416081,0.322580645
,,,,,,,,,,
175,2458,-35.365765,149.112518,JULIA FLYNN AV 2ND AFTER RINGROSE CR,ISAACS,"(-35.365765, 149.112518)",0.021093664,0.218470792,0.007416081,0.322580645
,,,,,,,,,,
176,2459,-35.367218,149.112823,JULIA FLYNN AV OPP ISAACS SHOPS,ISAACS,"(-35.367218, 149.112823)",0.019849336,0.133797125,0.007416081,0.322580645
,,,,,,,,,,
177,1016,-35.428921,149.102844,ELLERSTON AV AFTER ASHLEY DR,ISABELLA PLAINS,"(-35.428921, 149.102844)",0.015048921,0.718279942,0.007806401,0.4
,,,,,,,,,,
178,1007,-35.42786,149.091034,ELLERSTON AV OPP ISABELLA PLAINS SHOPS,ISABELLA PLAINS,"(-35.42786, 149.091034)",0.054666333,0.359795985,0.007806401,0.4
,,,,,,,,,,
179,1001,-35.426113,149.091614,DRUMSTON ST OPP MACKILLOP COLLEGE,ISABELLA PLAINS,"(-35.426113, 149.091614)",0.017720004,0.371803594,0.007806401,0.4
,,,,,,,,,,
180,5011,-35.228031,149.09848,BALDWIN DR BEFORE MARIBYRNONG AV SOUTH ENTRY,KALEEN,"(-35.228031, 149.09848)",0.101256624,1.038509792,0.014441842,0.166666667
,,,,,,,,,,
181,5007,-35.224987,149.100586,BALDWIN DR KALEEN HS,KALEEN,"(-35.224987, 149.100586)",0.068643357,0.662327294,0.014441842,0.166666667
,,,,,,,,,,
182,5008,-35.22681,149.099594,BALDWIN DR AFTER KALEEN HS,KALEEN,"(-35.22681, 149.099594)",0.01024175,0.869738505,0.014441842,0.166666667
,,,,,,,,,,
183,1315,-35.388237,149.085724,ATKINS ST AFTER ATHLLON DR,KAMBAH,"(-35.388237, 149.085724)",0.015619554,1.698400199,0.029274005,0.088495575
,,,,,,,,,,
184,1316,-35.388206,149.085892,ATKINS ST AFTER LIVINGSTON AV,KAMBAH,"(-35.388206, 149.085892)",0.015619554,1.713723032,0.029274005,0.088495575
,,,,,,,,,,
185,1313,-35.387684,149.083832,LIVINGSTON AV AFTER SYMERS ST,KAMBAH,"(-35.387684, 149.083832)",0.029592117,1.571716757,0.029274005,0.088495575
,,,,,,,,,,
186,2596,-35.316624,149.141815,EYRE ST KINGSTON SHOPS,KINGSTON,"(-35.316624, 149.141815)",0.172793158,0.244297087,0.005074161,0.763358779
,,,,,,,,,,
187,2598,-35.315804,149.140198,GILES ST KINGSTON SHOPS,KINGSTON,"(-35.315804, 149.140198)",0.172793158,0.361286047,0.005074161,0.763358779
,,,,,,,,,,
188,2373,-35.313087,149.143219,WENTWORTH AV OPP OLD BUS DEPOT MARKETS,KINGSTON,"(-35.313087, 149.143219)",0.165600182,0.287790044,0.005074161,0.763358779
,,,,,,,,,,
189,4993,-35.221104,149.038361,O'LOGHLEN ST AFTER 2ND CHAMBERS ST,LATHAM,"(-35.221104, 149.038361)",0.057210456,0.766695106,0.012490242,0.37037037
,,,,,,,,,,
190,4909,-35.221413,149.02774,SOUTHERN CROSS DR AFTER DALLEY CR,LATHAM,"(-35.221413, 149.02774)",0.028436302,0.57206266,0.012490242,0.37037037
,,,,,,,,,,
191,4891,-35.219387,149.021271,SOUTHERN CROSS DR AFTER FLOREY DR,LATHAM,"(-35.219387, 149.021271)",0.039248732,0.950440014,0.012490242,0.37037037
,,,,,,,,,,
192,5013,-35.217644,149.086655,BALDWIN DR BEFORE WILLIAM SLIM DR,LAWSON,"(-35.217644, 149.086655)",0.014624972,0.828051094,0.003903201,0.322580645
,,,,,,,,,,
193,5014,-35.21751,149.090439,BALDWIN DR BEFORE GUM ST,LAWSON,"(-35.21751, 149.090439)",0.01435964,0.860791878,0.003903201,0.322580645
,,,,,,,,,,
194,5012,-35.229893,149.094528,BALDWIN DR BEFORE MARIBYRNONG AV,LAWSON,"(-35.229893, 149.094528)",0.013195688,0.801251953,0.003903201,0.322580645
,,,,,,,,,,
195,5048,-35.249371,149.131622,GOODWIN ST AFTER OLIVER ST,LYNEHAM,"(-35.249371, 149.131622)",0.15324168,0.233718094,0.014051522,0.181818182
,,,,,,,,,,
196,5049,-35.252434,149.131668,MURDOCH ST AFTER GOODWIN ST,LYNEHAM,"(-35.252434, 149.131668)",0.146727999,0.3534189,0.014051522,0.181818182
,,,,,,,,,,
197,4752,-35.231068,149.14476,FLEMINGTON RD OPP EXHIBITION PARK,LYNEHAM,"(-35.231068, 149.14476)",0.095053289,2.537918904,0.014051522,0.181818182
,,,,,,,,,,
198,1901,-35.346191,149.074615,BURNIE ST BEFORE LAUNCESTON,LYONS,"(-35.346191, 149.074615)",0.069788721,0.482803858,0.006245121,0.434782609
,,,,,,,,,,
199,2071,-35.339542,149.079971,LAUNCESTON ST AFTER GLENORCHY ST,LYONS,"(-35.339542, 149.079971)",0.014004996,0.452289773,0.006245121,0.434782609
,,,,,,,,,,
200,2072,-35.3396,149.079834,LAUNCESTON ST AFTER BURNIE ST,LYONS,"(-35.3396, 149.079834)",0.014004996,0.438494087,0.006245121,0.434782609
,,,,,,,,,,
201,403,-35.212666,149.004013,MACFARLANE BURNET AV BEFORE ECCLES CCT,MACGREGOR,"(-35.212666, 149.004013)",0.025265446,1.043842794,0.014441842,0.23255814
,,,,,,,,,,
202,404,-35.216072,149.003357,MACFARLANE BURNET AV AFTER HALLOWS CCT,MACGREGOR,"(-35.216072, 149.003357)",0.034739098,1.230115249,0.014441842,0.23255814
,,,,,,,,,,
203,401,-35.216084,149.002975,MACFARLANE BURNET AV AFTER DEGRUCHY PL,MACGREGOR,"(-35.216084, 149.002975)",0.034739098,1.261412131,0.014441842,0.23255814
,,,,,,,,,,
204,4509,-35.253647,149.063065,BENNELONG CR AFTER GOULBURN ST,MACQUARIE,"(-35.253647, 149.063065)",0.072793723,0.347307519,0.007806401,0.588235294
,,,,,,,,,,
205,4510,-35.254135,149.063599,LACHLAN ST AFTER BLACKMAN CR,MACQUARIE,"(-35.254135, 149.063599)",0.072793723,0.381182605,0.007806401,0.588235294
,,,,,,,,,,
206,4515,-35.253155,149.069534,BOWMAN ST AFTER REDFERN ST,MACQUARIE,"(-35.253155, 149.069534)",0.034812853,0.507692033,0.007806401,0.588235294
,,,,,,,,,,
207,2479,-35.363194,149.096451,MAWSON DR AFTER HURLEY ST,MAWSON,"(-35.363194, 149.096451)",0.018258391,0.271099511,0.006635441,0.476190476
,,,,,,,,,,
208,2296,-35.356094,149.097687,AINSWORTH ST AFTER COLBECK ST,MAWSON,"(-35.356094, 149.097687)",0.055925737,1.033369757,0.006635441,0.476190476
,,,,,,,,,,
209,2297,-35.356544,149.097412,AINSWORTH ST 2ND AFTER DU FAUR ST,MAWSON,"(-35.356544, 149.097412)",0.055925737,0.978333501,0.006635441,0.476190476
,,,,,,,,,,
210,5044,-35.211994,149.084564,OWEN DIXON DR MCKELLAR SOCCER CLUB,MCKELLAR,"(-35.211994, 149.084564)",0.015052028,0.98241737,0.008587041,0.588235294
,,,,,,,,,,
211,4132,-35.21751,149.073715,DUMAS ST OPP MCKELLAR SHOPS,MCKELLAR,"(-35.21751, 149.073715)",0.0178986,0.21773047,0.008587041,0.588235294
,,,,,,,,,,
212,4129,-35.214687,149.073242,DUMAS ST AFTER BAUME CR,MCKELLAR,"(-35.214687, 149.073242)",0.047717717,0.407273608,0.008587041,0.588235294
,,,,,,,,,,
213,4839,-35.212406,149.047791,KINGSFORD SMITH DR BEFORE COMPANION CR,MELBA,"(-35.212406, 149.047791)",0.15851983,0.735528706,0.013661202,0.434782609
,,,,,,,,,,
214,4931,-35.204399,149.060165,ALPEN ST AFTER ALFRED HILL DR,MELBA,"(-35.204399, 149.060165)",0.015934471,0.699021723,0.013661202,0.434782609
,,,,,,,,,,
215,2569,-35.213833,149.049149,CONLEY DR MELBA HS SSO,MELBA,"(-35.213833, 149.049149)",0.180358529,0.763031489,0.013661202,0.434782609
,,,,,,,,,,
216,4754,-35.221085,149.1427,SANDFORD ST AFTER FLEMINGTON RD,MITCHELL,"(-35.221085, 149.1427)",0.149439635,0.667820911,0.005074161,0.135135135
,,,,,,,,,,
217,4755,-35.22065,149.141144,SANDFORD & BROOKES ST,MITCHELL,"(-35.22065, 149.141144)",0.149439635,0.598194607,0.005074161,0.135135135
,,,,,,,,,,
218,4934,-35.213928,149.13765,HOSKINS ST BEFORE DACRE ST,MITCHELL,"(-35.213928, 149.13765)",0.020724346,0.325907656,0.005074161,0.135135135
,,,,,,,,,,
219,1087,-35.417179,149.100647,BARRACLOUGH CR AFTER COWDERY PL,MONASH,"(-35.417179, 149.100647)",0.024931951,0.061936227,0.014051522,0.294117647
,,,,,,,,,,
220,1088,-35.417183,149.100372,BARRACLOUGH CR AFTER ASHLEY DR,MONASH,"(-35.417183, 149.100372)",0.024931951,0.039388077,0.014051522,0.294117647
,,,,,,,,,,
221,1671,-35.42136,149.088593,CLIVE STEELE AV AFTER ISABELLA DR,MONASH,"(-35.42136, 149.088593)",0.013878314,1.142067123,0.014051522,0.294117647
,,,,,,,,,,
222,5090,-35.334103,149.135483,LA PEROUSE ST AFTER CALEY CR,NARRABUNDAH,"(-35.334103, 149.135483)",0.022309323,1.629519533,0.018345043,0.243902439
,,,,,,,,,,
223,2342,-35.337067,149.156006,GOYDER ST BEFORE TALLARA PWY,NARRABUNDAH,"(-35.337067, 149.156006)",0.046079076,0.562920715,0.018345043,0.243902439
,,,,,,,,,,
224,2343,-35.337124,149.156509,GOYDER ST 2ND AFTER KOOTARA CR,NARRABUNDAH,"(-35.337124, 149.156509)",0.046079076,0.589563579,0.018345043,0.243902439
,,,,,,,,,,
225,4808,-35.177467,149.124283,MIRRABEI DR AFTER PAUL COE CR SOUTH ENTRY,NGUNNAWAL,"(-35.177467, 149.124283)",0.015886974,1.386267539,0.023419204,0.238095238
,,,,,,,,,,
226,4847,-35.179146,149.114288,AMAGULA AV AFTER YIRAWALA ST,NGUNNAWAL,"(-35.179146, 149.114288)",0.059050197,0.5937688,0.023419204,0.238095238
,,,,,,,,,,
227,4845,-35.180862,149.112518,AMAGULA AV AFTER GUNGAHLIN DR,NGUNNAWAL,"(-35.180862, 149.112518)",0.063920594,0.636958251,0.023419204,0.238095238
,,,,,,,,,,
228,600,-35.192123,149.085968,O'HANLON PL AFTER GOLD CREEK RD,NICHOLLS,"(-35.192123, 149.085968)",0.00995322,0.874360528,0.018735363,0.149253731
,,,,,,,,,,
229,601,-35.192142,149.086075,O'HANLON PL BEFORE GOLD CREEK RD,NICHOLLS,"(-35.192142, 149.086075)",0.00995322,0.869952431,0.018735363,0.149253731
,,,,,,,,,,
230,5067,-35.186161,149.092804,TEMPERLEY ST AFTER 2ND SUE GEH CCT,NICHOLLS,"(-35.186161, 149.092804)",0.016904774,0.075250707,0.018735363,0.149253731
,,,,,,,,,,
231,3377,-35.249699,149.121429,WATTLE ST AFTER CORREA ST,O'CONNOR,"(-35.249699, 149.121429)",0.086560554,0,0.014051522,0.204081633
,,,,,,,,,,
232,3378,-35.252174,149.123322,BRIGALOW ST BEFORE WATTLE ST,O'CONNOR,"(-35.252174, 149.123322)",0.013810567,0,0.014051522,0.204081633
,,,,,,,,,,
233,3379,-35.252171,149.123474,BRIGALOW ST BEFORE WARATAH ST,O'CONNOR,"(-35.252171, 149.123474)",0.013810567,0,0.014051522,0.204081633
,,,,,,,,,,
234,2453,-35.349918,149.106155,TYAGARAH ST AFTER CULGOA CCT,O'MALLEY,"(-35.349918, 149.106155)",0.034382274,0,0.004293521,0.384615385
,,,,,,,,,,
235,2105,-35.359444,149.109039,NGUNAWAL DR AFTER COBBADAH ST,O'MALLEY,"(-35.359444, 149.109039)",0.020342703,0,0.004293521,0.384615385
,,,,,,,,,,
236,2103,-35.35743,149.107681,KAREELAH VST AFTER PINDARI CR,O'MALLEY,"(-35.35743, 149.107681)",0.074638423,0,0.004293521,0.384615385
,,,,,,,,,,
237,1394,-35.409718,149.082947,NEWMAN-MORRIS CCT AFTER 2ND NUNAN CR,OXLEY,"(-35.409718, 149.082947)",0.081346954,9.22E+18,0.008196721,0.925925926
,,,,,,,,,,
238,1391,-35.411888,149.081741,NEWMAN-MORRIS CCT AFTER MCILVEEN PL,OXLEY,"(-35.411888, 149.081741)",0.011456673,9.22E+18,0.008196721,0.925925926
,,,,,,,,,,
239,1392,-35.411785,149.081741,NEWMAN-MORRIS CCT AFTER 2ND CUTHBERTSON CR,OXLEY,"(-35.411785, 149.081741)",0.011456673,9.22E+18,0.008196721,0.925925926
,,,,,,,,,,
240,5021,-35.24353,149.054642,BELCONNEN WY AFTER PETTERD ST,PAGE,"(-35.24353, 149.054642)",0.04115109,13658.04665,0.005464481,0.769230769
,,,,,,,,,,
241,5029,-35.232513,149.049988,SOUTHERN CROSS BEFORE CHEWINGS ST,PAGE,"(-35.232513, 149.049988)",0.067450273,13657.83499,0.005464481,0.769230769
,,,,,,,,,,
242,4826,-35.241596,149.043381,BELCONNEN WY AFTER CHEWINGS ST,PAGE,"(-35.241596, 149.043381)",0.029732469,13658.84385,0.005464481,0.769230769
,,,,,,,,,,
243,5053,-35.193871,149.110733,GUNDAROO DR BEFORE BURROWA ST,PALMERSTON,"(-35.193871, 149.110733)",0.01112517,0.306971075,0.009758002,0.526315789
,,,,,,,,,,
244,5054,-35.193863,149.110855,GUNDAROO DR AFTER BURROWA ST,PALMERSTON,"(-35.193863, 149.110855)",0.01112517,0.296491293,0.009758002,0.526315789
,,,,,,,,,,
245,4829,-35.197781,149.11882,KOSCUISZKO AV PALMERSTON SHOPS,PALMERSTON,"(-35.197781, 149.11882)",0.043089561,0.565249552,0.009758002,0.526315789
,,,,,,,,,,
246,8888,-35.288395,149.127823,COMMONWEALTH AV REGETTA POINT,PARKES,"(-35.288395, 149.127823)",0.057038263,1.384358825,0.004293521,0.330033003
,,,,,,,,,,
247,3259,-35.298038,149.128983,KING EDWARD TCE TREASURY BUILDING,PARKES,"(-35.298038, 149.128983)",0.027703703,0.451182798,0.004293521,0.330033003
,,,,,,,,,,
248,3260,-35.301186,149.133881,PARKES PL JOHN GORTON BUILDING,PARKES,"(-35.301186, 149.133881)",0.013896085,0.140986599,0.004293521,0.330033003
,,,,,,,,,,
249,2398,-35.363155,149.081329,MACFARLAND CR OPP PEARCE SHOPS,PEARCE,"(-35.363155, 149.081329)",0.015968382,0.356914317,0.006245121,0.588235294
,,,,,,,,,,
250,2610,-35.363342,149.092285,ATHLLON DR OPP SOUTHLANDS SHOPS,PEARCE,"(-35.363342, 149.092285)",0.191164643,0.677460915,0.006245121,0.588235294
,,,,,,,,,,
251,2082,-35.357918,149.086716,HODGSON CR AFTER COLLINGS ST,PEARCE,"(-35.357918, 149.086716)",0.016075896,0.479982114,0.006245121,0.588235294
,,,,,,,,,,
252,2300,-35.350578,149.093414,AINSWORTH ST AFTER ALSOP CL,PHILLIP,"(-35.350578, 149.093414)",0.088898491,0.311213509,0.016783763,0.384615385
,,,,,,,,,,
253,2301,-35.349842,149.093796,AINSWORTH ST AFTER HINDMARSH DR,PHILLIP,"(-35.349842, 149.093796)",0.088898491,0.322219511,0.016783763,0.384615385
,,,,,,,,,,
254,1376,-35.348743,149.08783,HINDMARSH DR AFTER BALL ST,PHILLIP,"(-35.348743, 149.08783)",0.150169318,0.235381354,0.016783763,0.384615385
,,,,,,,,,,
255,2332,-35.342953,149.138489,DALRYMPLE ST AFTER HINDMARSH DR,RED HILL,"(-35.342953, 149.138489)",0.021560736,1.631784264,0.006635441,0.205338809
,,,,,,,,,,
256,3272,-35.331577,149.128815,GOLDEN GR BEFORE MONARO CR,RED HILL,"(-35.331577, 149.128815)",0.042114534,0.491184371,0.006635441,0.205338809
,,,,,,,,,,
257,3273,-35.331882,149.12854,GOLDEN GR OPP SBG SCHOOL,RED HILL,"(-35.331882, 149.12854)",0.042114534,0.45206311,0.006635441,0.205338809
,,,,,,,,,,
258,3097,-35.282013,149.142563,EUREE ST AFTER ELIMATTA ST,REID,"(-35.282013, 149.142563)",0.015828988,0.167856436,0.005464481,0.285714286
,,,,,,,,,,
259,3094,-35.282051,149.142395,EUREE ST BEFORE ELIMATTA ST,REID,"(-35.282051, 149.142395)",0.015828988,0.1571724,0.005464481,0.285714286
,,,,,,,,,,
260,3095,-35.284328,149.143967,CURRONG ST BEFORE ANZAC PARK WEST,REID,"(-35.284328, 149.143967)",0.015302792,0.236347016,0.005464481,0.285714286
,,,,,,,,,,
261,1493,-35.426308,149.112473,CLIFT CR AFTER HEAGNEY CR,RICHARDSON,"(-35.426308, 149.112473)",0.016945448,0.413039286,0.010148322,0.454545455
,,,,,,,,,,
262,1494,-35.425385,149.114075,HEAGNEY CR AFTER CLIFT CR,RICHARDSON,"(-35.425385, 149.114075)",0.025156329,0.527813155,0.010148322,0.454545455
,,,,,,,,,,
263,1491,-35.427624,149.109787,CLIFT CR AFTER ROHAN ST,RICHARDSON,"(-35.427624, 149.109787)",0.01918565,0.380110698,0.010148322,0.454545455
,,,,,,,,,,
264,2298,-35.350685,149.042145,STREETON DR 2ND AFTER DARWINIA TCE,RIVETT,"(-35.350685, 149.042145)",0.023520018,0.480214263,0.007416081,0.625
,,,,,,,,,,
265,2299,-35.352505,149.041595,STREETON DR NORTH OF DARWINIA TCE,RIVETT,"(-35.352505, 149.041595)",0.017717715,0.597882567,0.007416081,0.625
,,,,,,,,,,
266,2429,-35.34903,149.036453,BANGALAY CR AFTER CASUARINA ST,RIVETT,"(-35.34903, 149.036453)",0.019541932,0.181173495,0.007416081,0.625
,,,,,,,,,,
267,3072,-35.298779,149.150864,RUSSELL DR BEFORE KINGS AV CARPARK,RUSSELL,"(-35.298779, 149.150864)",0.022571158,0.210925508,0.00234192,0.909090909
,,,,,,,,,,
268,3073,-35.29874,149.151108,RUSSELL DR AFTER VIVIAN BULLWINKEL ST,RUSSELL,"(-35.29874, 149.151108)",0.022571158,0.213506335,0.00234192,0.909090909
,,,,,,,,,,
269,3070,-35.300713,149.15094,RUSSELL DR AFTER KELLIHER DR,RUSSELL,"(-35.300713, 149.15094)",0.09115201,0.423510789,0.00234192,0.909090909
,,,,,,,,,,
270,5024,-35.230408,149.046509,SOUTHERN CROSS DR AFTER LUXTON ST,SCULLIN,"(-35.230408, 149.046509)",0.219214528,0.884331361,0.006245121,0.714285714
,,,,,,,,,,
271,5022,-35.231949,149.034454,KINGSFORD SMITH DR AFTER WIRRAWAY CR,SCULLIN,"(-35.231949, 149.034454)",0.029097314,0.468333214,0.006245121,0.714285714
,,,,,,,,,,
272,4825,-35.240807,149.038712,BELCONNEN WY 2ND AFTER MACKINOLTY ST,SCULLIN,"(-35.240807, 149.038712)",0.02023463,0.677708766,0.006245121,0.714285714
,,,,,,,,,,
273,4807,-35.200703,149.068588,COPLAND DR SPENCE TERMINUS,SPENCE,"(-35.200703, 149.068588)",0.235936908,0.362245755,0.009758002,0.666666667
,,,,,,,,,,
274,4940,-35.204258,149.060196,ALPEN ST AFTER KINGSFORD SMITH DR,SPENCE,"(-35.204258, 149.060196)",0.015934471,0.75497664,0.009758002,0.666666667
,,,,,,,,,,
275,4093,-35.194771,149.063766,CLAREY CR AFTER CLARK CL,SPENCE,"(-35.194771, 149.063766)",0.012209991,0.478217924,0.009758002,0.666666667
,,,,,,,,,,
276,201,-35.347042,149.047943,FREMANTLE DR AFTER MCKAIL CR,STIRLING,"(-35.347042, 149.047943)",0.041633031,0.286808466,0.007416081,0.769230769
,,,,,,,,,,
277,2428,-35.353851,149.04689,FREMANTLE DR BEFORE CROWDER CCT,STIRLING,"(-35.353851, 149.04689)",0.0805478,0.608889704,0.007416081,0.769230769
,,,,,,,,,,
278,2426,-35.352509,149.049042,FREMANTLE DR AFTER CROWDER CCT,STIRLING,"(-35.352509, 149.049042)",0.016550112,0.399864965,0.007416081,0.769230769
,,,,,,,,,,
279,4965,-35.344452,149.155685,JERRABOMBERRA AV AGSO,SYMONSTON,"(-35.344452, 149.155685)",0.087772122,2.015996637,0.003903201,0.101010101
,,,,,,,,,,
280,4963,-35.348705,149.155899,NARRABUNDAH LANE SUNDOWN MOTEL RESORT,SYMONSTON,"(-35.348705, 149.155899)",0.011257121,2.001628955,0.003903201,0.101010101
,,,,,,,,,,
281,4964,-35.343983,149.154907,JERRABOMBERRA AV OPP AGSO,SYMONSTON,"(-35.343983, 149.154907)",0.087772122,2.092229331,0.003903201,0.101010101
,,,,,,,,,,
282,1033,-35.447277,149.124619,LAWRENCE WACKETT CR OPP THEODORE PRIMARY SCHOOL,THEODORE,"(-35.447277, 149.124619)",0.01467206,0.276578072,0.006245121,0.322580645
,,,,,,,,,,
283,1034,-35.447346,149.124481,LAWRENCE WACKETT CR THEODORE PS,THEODORE,"(-35.447346, 149.124481)",0.01467206,0.270103194,0.006245121,0.322580645
,,,,,,,,,,
284,1037,-35.450821,149.120102,CHIPPINDALL CCT AFTER LOUIS LODER ST,THEODORE,"(-35.450821, 149.120102)",0.021286678,0.563142958,0.006245121,0.322580645
,,,,,,,,,,
285,2652,-35.371284,149.092667,ATHLLON DR AFTER BEASLEY ST,TORRENS,"(-35.371284, 149.092667)",0.149964353,0.521059678,0.005854801,0.769230769
,,,,,,,,,,
286,2653,-35.375782,149.093216,ATHLLON DR 2ND AFTER BEASLEY ST,TORRENS,"(-35.375782, 149.093216)",0.354983259,0.638104807,0.005854801,0.769230769
,,,,,,,,,,
287,2673,-35.372593,149.093063,ATHLLON DR AFTER BEASLEY ST,TORRENS,"(-35.372593, 149.093063)",0.149964353,0.530162048,0.005854801,0.769230769
,,,,,,,,,,
288,3431,-35.272812,149.12236,MCCAUGHEY ST AFTER BARRY DR,TURNER,"(-35.272812, 149.12236)",0.142421857,0.495252553,0.007416081,0.666666667
,,,,,,,,,,
289,4566,-35.274609,149.129517,NORTHBOURNE AV CANBERRA CENTRE APARTMENTS,TURNER,"(-35.274609, 149.129517)",0.080472098,0.825309396,0.007416081,0.666666667
,,,,,,,,,,
290,4527,-35.272488,149.118164,BARRY DR AFTER CLUNIES ROSS ST,TURNER,"(-35.272488, 149.118164)",0.094227472,0.69508841,0.007416081,0.666666667
,,,,,,,,,,
291,1521,-35.396854,149.104095,LONGMORE CR AFTER HARKER PL,WANNIASSA,"(-35.396854, 149.104095)",0.050800326,0.929627418,0.036690086,0.185185185
,,,,,,,,,,
292,1522,-35.397308,149.104156,LONGMORE CR 4TH AFTER GAUNSON ST,WANNIASSA,"(-35.397308, 149.104156)",0.050800326,0.896663903,0.036690086,0.185185185
,,,,,,,,,,
293,1519,-35.398785,149.102921,LONGMORE CR AFTER PETIT PL,WANNIASSA,"(-35.398785, 149.102921)",0.017690899,0.701901786,0.036690086,0.185185185
,,,,,,,,,,
294,2415,-35.352478,149.060608,NEMERANG CR WARAMANGA SHOPS,WARAMANGA,"(-35.352478, 149.060608)",0.022468426,0.22463481,0.007416081,0.588235294
,,,,,,,,,,
295,2418,-35.355404,149.060379,NEMARANG CR AFTER DALABON CR,WARAMANGA,"(-35.355404, 149.060379)",0.015285314,0.357821699,0.007416081,0.588235294
,,,,,,,,,,
296,2419,-35.357395,149.059464,YAMBINA CR AFTER BADIMARA ST,WARAMANGA,"(-35.357395, 149.059464)",0.040732853,0.584701518,0.007416081,0.588235294
,,,,,,,,,,
297,3248,-35.23798,149.153641,KNOX ST 2ND AFTER DICKINSON ST,WATSON,"(-35.23798, 149.153641)",0.131540062,0.04821433,0.007025761,0.27027027
,,,,,,,,,,
298,3250,-35.234707,149.151703,KNOX ST AFTER PIDDINGTON ST,WATSON,"(-35.234707, 149.151703)",0.264953397,0.429646175,0.007025761,0.27027027
,,,,,,,,,,
299,3252,-35.232521,149.153198,KNOX ST OPP OLD WATSON TERMINUS,WATSON,"(-35.232521, 149.153198)",0.24480521,0.646584126,0.007025761,0.27027027
,,,,,,,,,,
300,4893,-35.243343,149.048126,BELCONNEN WY BEFORE SPRINGVALE DR,WEETANGERA,"(-35.243343, 149.048126)",0.029998436,0.744701156,0.006245121,0.625
,,,,,,,,,,
301,4440,-35.251377,149.049179,SHUMACK ST OPPOSITE WEETANGERA PRIMARY,WEETANGERA,"(-35.251377, 149.049179)",0.063774198,0.154024079,0.006245121,0.625
,,,,,,,,,,
302,4437,-35.253723,149.051651,SHUMACK ST AFTER COULTER DR,WEETANGERA,"(-35.253723, 149.051651)",0.017492776,0.479029823,0.006245121,0.625
,,,,,,,,,,
303,1246,-35.340843,149.052338,BRIERLY ST COOLEMAN CT PLT1,WESTON,"(-35.340843, 149.052338)",0.016128326,0.682193428,0.014441842,0.322580645
,,,,,,,,,,
304,1247,-35.340981,149.050278,STREETON DR BEFORE HINDMARSH DR,WESTON,"(-35.340981, 149.050278)",0.186911289,0.858041593,0.014441842,0.322580645
,,,,,,,,,,
305,1809,-35.32259,149.057617,OPP NORTH WESTON PARK & RIDE,WESTON,"(-35.32259, 149.057617)",0.117981812,1.718640048,0.014441842,0.322580645
,,,,,,,,,,
306,2811,-35.32478,149.043381,JOHN GORTON DR AFTER COTTER RD,WRIGHT,"(-35.32478, 149.043381)",0.132031565,1.279247605,0.0019516,0.769230769
,,,,,,,,,,
307,2806,-35.320232,149.036819,STEVE IRWIN AVE AFTER JOHN GORTON DR,WRIGHT,"(-35.320232, 149.036819)",0.092020302,0.499370912,0.0019516,0.769230769
,,,,,,,,,,
308,2809,-35.319416,149.036652,JOHN GORTON DR AFTER STEVE IRWIN AVE,WRIGHT,"(-35.319416, 149.036652)",0.092020302,0.426702976,0.0019516,0.769230769
,,,,,,,,,,
309,2448,-35.312031,149.098297,NOVAR ST BEFORE KINTORE CR,YARRALUMLA,"(-35.312031, 149.098297)",0.011898566,0.77203515,0.006635441,0.113507378
,,,,,,,,,,
310,2449,-35.31015,149.098282,NOVAR ST AFTER WESTON ST,YARRALUMLA,"(-35.31015, 149.098282)",0.00786696,0.562848351,0.006635441,0.113507378
,,,,,,,,,,
311,2452,-35.303772,149.099091,SCHLICH ST AFTER NOVAR ST,YARRALUMLA,"(-35.303772, 149.099091)",0.033831848,0.172284783,0.006635441,0.113507378
,,,,,,,,,,
,,-35.270962,149.111607,,ACTON,,,,,
,,,,,,,,,,
,,-35.281867,149.113571,,ACTON,,,,,
,,,,,,,,,,
,,-35.279784,149.11097,,ACTON,,,,,
,,,,,,,,,,
,,-35.25913,149.153462,,AINSLIE,,,,,
,,,,,,,,,,
,,-35.252629,149.150801,,AINSLIE,,,,,
,,,,,,,,,,
,,-35.255643,149.156681,,AINSLIE,,,,,
,,,,,,,,,,
,,-35.170135,149.124525,,AMAROO,,,,,
,,,,,,,,,,
,,-35.165329, 149.135104,,AMAROO,,,,,
,,,,,,,,,,
,,-35.173093,149.126439,,AMAROO,,,,,
,,,,,,,,,,
,,-35.262887,149.079352,,ARANDA,,,,,
,,,,,,,,,,
,,-35.261240,149.083987,,ARANDA,,,,,
,,,,,,,,,,
,,-35.253986,149.083171,,ARANDA,,,,,
,,,,,,,,,,
,,-35.467981,149.100251,,BANKS,,,,,
,,,,,,,,,,
,,-35.469151, 149.107182,,BANKS,,,,,
,,,,,,,,,,
,,-35.478815,149.101839,,BANKS,,,,,
,,,,,,,,,,
,,-35.305083, 149.139671,,BARTON,,,,,
,,,,,,,,,,
,,-35.312630,149.136538,,BARTON,,,,,
,,,,,,,,,,
,,-35.315764,149.135036,,BARTON,,,,,
,,,,,,,,,,
,,-35.242542,149.064456,,BELCONNEN,,,,,
,,,,,,,,,,
,,-35.242910,149.070271,,BELCONNEN,,,,,
,,,,,,,,,,
,,-35.230975,149.061559,,BELCONNEN,,,,,
,,,,,,,,,,
,,-35.154156,149.147067,,BONNER,,,,,
,,,,,,,,,,
,,-35.160384,149.132476,,BONNER,,,,,
,,,,,,,,,,
,,-35.157419,149.141638,,BONNER,,,,,
,,,,,,,,,,
,,-35.437766,149.088175,,BONYTHON,,,,,
,,,,,,,,,,
,,-35.427486, 149.078969,,BONYTHON,,,,,
,,,,,,,,,,
,,-35.431473,149.072274,,BONYTHON,,,,,
,,,,,,,,,,
,,-35.262566, 149.133138,,BRADDON,,,,,
,,,,,,,,,,
,,-35.270764,149.140306,,BRADDON,,,,,
,,,,,,,,,,
,,-35.269906,149.138675,,BRADDON,,,,,
,,,,,,,,,,
,,-35.243544, 149.079649,,BRUCE,,,,,
,,,,,,,,,,
,,-35.239723, 149.096912,,BRUCE,,,,,
,,,,,,,,,,
,,-35.236516,149.094316,,BRUCE,,,,,
,,,,,,,,,,
,,-35.438575,149.106582,,CALWELL,,,,,
,,,,,,,,,,
,,-35.443610, 149.112226,,CALWELL,,,,,
,,,,,,,,,,
,,-35.439432,149.105059,,CALWELL,,,,,
,,,,,,,,,,
,,-35.296623,149.160871,,CAMPBELL,,,,,
,,,,,,,,,,
,,-35.290510,149.161021,,CAMPBELL,,,,,
,,,,,,,,,,
,,-35.287112,149.162008,,CAMPBELL,,,,,
,,,,,,,,,,
,,-35.297735, 149.186500,,CANBERRA AIRPORT,,,,,
,,,,,,,,,,
,,-35.305089,149.205169,,CANBERRA AIRPORT,,,,,
,,,,,,,,,,
,,-35.309292, 149.180663,,CANBERRA AIRPORT,,,,,
,,,,,,,,,,
,,-35.310228, 149.123303,,CAPITAL HILL,,,,,
,,,,,,,,,,
,,-35.310438,149.122455,,CAPITAL HILL,,,,,
,,,,,,,,,,
,,-35.309702, 149.127337,,CAPITAL HILL,,,,,
,,,,,,,,,,
,,-35.156211,149.098864,,CASEY,,,,,
,,,,,,,,,,
,,-35.160001, 149.097105,,CASEY,,,,,
,,,,,,,,,,
,,-35.169540, 149.091067,,CASEY,,,,,
,,,,,,,,,,
,,-35.362934,149.045066,,CHAPMAN,,,,,
,,,,,,,,,,
,,-35.358183,149.035259,,CHAPMAN,,,,,
,,,,,,,,,,
,,-35.363747,149.047405,,CHAPMAN,,,,,
,,,,,,,,,,
,,-35.197762,149.039816,,CHARNWOOD,,,,,
,,,,,,,,,,
,,-35.199498, 149.034473,,CHARNWOOD,,,,,
,,,,,,,,,,
,,-35.197534,149.039859,,CHARNWOOD,,,,,
,,,,,,,,,,
,,-35.352441,149.082427,,CHIFLEY,,,,,
,,,,,,,,,,
,,-35.350271,149.082341,,CHIFLEY,,,,,
,,,,,,,,,,
,,-35.354419,149.081312,,CHIFLEY,,,,,
,,,,,,,,,,
,,-35.422334, 149.119009,,CHISHOLM,,,,,
,,,,,,,,,,
,,-35.418785,149.122528,,CHISHOLM,,,,,
,,,,,,,,,,
,,-35.419169, 149.119009,,CHISHOLM,,,,,
,,,,,,,,,,
,,-35.276321,149.130889,,CITY,,,,,
,,,,,,,,,,
,,-35.276321, 149.128057,,CITY,,,,,
,,,,,,,,,,
,,-35.282618,149.133807,,CITY,,,,,
,,,,,,,,,,
,,-35.467704,149.111611,,CONDER,,,,,
,,,,,,,,,,
,,-35.452243,149.093935,,CONDER,,,,,
,,,,,,,,,,
,,-35.461892,149.097003,,CONDER,,,,,
,,,,,,,,,,
,,-35.257104, 149.071080,,COOK,,,,,
,,,,,,,,,,
,,-35.264953, 149.066488,,COOK,,,,,
,,,,,,,,,,
,,-35.258663,149.057669,,COOK,,,,,
,,,,,,,,,,
,,-35.315404, 149.040945,,COOMBS,,,,,
,,,,,,,,,,
,,-35.322985,149.046889,,COOMBS,,,,,
,,,,,,,,,,
,,-35.319010, 149.042318,,COOMBS,,,,,
,,,,,,,,,,
,,-35.203299,149.102313,,CRACE,,,,,
,,,,,,,,,,
,,-35.207279, 149.108923,,CRACE,,,,,
,,,,,,,,,,
,,-35.198231,149.107506,,CRACE,,,,,
,,,,,,,,,,
,,-35.318272,149.074663,,CURTIN,,,,,
,,,,,,,,,,
,,-35.320898,149.085843,,CURTIN,,,,,
,,,,,,,,,,
,,-35.324452,149.071381,,CURTIN,,,,,
,,,,,,,,,,
,,-35.312364,149.111593,,DEAKIN,,,,,
,,,,,,,,,,
,,-35.314833, 149.100242,,DEAKIN,,,,,
,,,,,,,,,,
,,-35.319140,149.102410,,DEAKIN,,,,,
,,,,,,,,,,
,,-35.251062,149.146585,,DICKSON,,,,,
,,,,,,,,,,
,,-35.253165,149.143560,,DICKSON,,,,,
,,,,,,,,,,
,,-35.254269,149.144118,,DICKSON,,,,,
,,,,,,,,,,
,,-35.239911,149.141419,,DOWNER,,,,,
,,,,,,,,,,
,,-35.241768,149.137943,,DOWNER,,,,,
,,,,,,,,,,
,,-35.244537,149.137900,,DOWNER,,,,,
,,,,,,,,,,
,,-35.327047,149.026674,,DUFFY,,,,,
,,,,,,,,,,
,,-35.341698,149.027125,,DUFFY,,,,,
,,,,,,,,,,
,,-35.337182, 149.034227,,DUFFY,,,,,
,,,,,,,,,,
,,-35.196250,149.015692,,DUNLOP,,,,,
,,,,,,,,,,
,,-35.191024,149.019619,,DUNLOP,,,,,
,,,,,,,,,,
,,-35.193198,149.025734,,DUNLOP,,,,,
,,,,,,,,,,
,,-35.202843,149.074569,,EVATT,,,,,
,,,,,,,,,,
,,-35.212643, 149.072274,,EVATT,,,,,
,,,,,,,,,,
,,-35.212517,149.072667,,EVATT,,,,,
,,,,,,,,,,
,,-35.402915, 149.116004,,FADDEN,,,,,
,,,,,,,,,,
,,-35.405197,149.118027,,FADDEN,,,,,
,,,,,,,,,,
,,-35.404200, 149.115023,,FADDEN,,,,,
,,,,,,,,,,
,,-35.373124, 149.097139,,FARRER,,,,,
,,,,,,,,,,
,,-35.383026,149.109392,,FARRER,,,,,
,,,,,,,,,,
,,-35.381364,149.110229,,FARRER,,,,,
,,,,,,,,,,
,,-35.364415, 149.052800,,FISHER,,,,,
,,,,,,,,,,
,,-35.365325,149.058143,,FISHER,,,,,
,,,,,,,,,,
,,-35.356418,149.050783,,FISHER,,,,,
,,,,,,,,,,
,,-35.228520, 149.049848,,FLOREY,,,,,
,,,,,,,,,,
,,-35.225803,149.040621,,FLOREY,,,,,
,,,,,,,,,,
,,-35.228117, 149.050213,,FLOREY,,,,,
,,,,,,,,,,
,,-35.203916,149.042231,,FLYNN,,,,,
,,,,,,,,,,
,,-35.201233,149.045085,,FLYNN,,,,,
,,,,,,,,,,
,,-35.204144,149.048454,,FLYNN,,,,,
,,,,,,,,,,
,,-35.164729, 149.144208,,FORDE,,,,,
,,,,,,,,,,
,,-35.169009,149.142040,,FORDE,,,,,
,,,,,,,,,,
,,-35.170079,149.148092,,FORDE,,,,,
,,,,,,,,,,
,,-35.314309,149.125052,,FORREST,,,,,
,,,,,,,,,,
,,-35.317828,149.128829,,FORREST,,,,,
,,,,,,,,,,
,,-35.317548,149.119344,,FORREST,,,,,
,,,,,,,,,,
,,-35.202022,149.135915,,FRANKLIN,,,,,
,,,,,,,,,,
,,-35.203828,149.144198,,FRANKLIN,,,,,
,,,,,,,,,,
,,-35.201794,149.137503,,FRANKLIN,,,,,
,,,,,,,,,,
,,-35.192954,149.055945,,FRASER,,,,,
,,,,,,,,,,
,,-35.189272,149.038714,,FRASER,,,,,
,,,,,,,,,,
,,-35.191341,149.033972,,FRASER,,,,,
,,,,,,,,,,
,,-35.333807,149.177280,,FYSHWICK,,,,,
,,,,,,,,,,
,,-35.330901,149.184984,,FYSHWICK,,,,,
,,,,,,,,,,
,,-35.324441, 149.167238,,FYSHWICK,,,,,
,,,,,,,,,,
,,-35.338304,149.111211,,GARRAN,,,,,
,,,,,,,,,,
,,-35.342435,149.100955,,GARRAN,,,,,
,,,,,,,,,,
,,-35.337586,149.110653,,GARRAN,,,,,
,,,,,,,,,,
,,,,,GILMORE,,,,,
,,,,,,,,,,
,,,,,GILMORE,,,,,
,,,,,,,,,,
,,,,,GILMORE,,,,,
,,,,,,,,,,
,,,,,GIRALANG,,,,,
,,,,,,,,,,
,,,,,GIRALANG,,,,,
,,,,,,,,,,
,,,,,GIRALANG,,,,,
,,,,,,,,,,
,,,,,GORDON,,,,,
,,,,,,,,,,
,,,,,GORDON,,,,,
,,,,,,,,,,
,,,,,GORDON,,,,,
,,,,,,,,,,
,,,,,GOWRIE,,,,,
,,,,,,,,,,
,,,,,GOWRIE,,,,,
,,,,,,,,,,
,,,,,GOWRIE,,,,,
,,,,,,,,,,
,,,,,GREENWAY,,,,,
,,,,,,,,,,
,,,,,GREENWAY,,,,,
,,,,,,,,,,
,,,,,GREENWAY,,,,,
,,,,,,,,,,
,,,,,GRIFFITH,,,,,
,,,,,,,,,,
,,,,,GRIFFITH,,,,,
,,,,,,,,,,
,,,,,GRIFFITH,,,,,
,,,,,,,,,,
,,,,,GUNGAHLIN,,,,,
,,,,,,,,,,
,,,,,GUNGAHLIN,,,,,
,,,,,,,,,,
,,,,,GUNGAHLIN,,,,,
,,,,,,,,,,
,,,,,HACKETT,,,,,
,,,,,,,,,,
,,,,,HACKETT,,,,,
,,,,,,,,,,
,,,,,HACKETT,,,,,
,,,,,,,,,,
,,,,,HARRISON,,,,,
,,,,,,,,,,
,,,,,HARRISON,,,,,
,,,,,,,,,,
,,,,,HARRISON,,,,,
,,,,,,,,,,
,,,,,HAWKER,,,,,
,,,,,,,,,,
,,,,,HAWKER,,,,,
,,,,,,,,,,
,,,,,HAWKER,,,,,
,,,,,,,,,,
,,,,,HIGGINS,,,,,
,,,,,,,,,,
,,,,,HIGGINS,,,,,
,,,,,,,,,,
,,,,,HIGGINS,,,,,
,,,,,,,,,,
,,,,,HOLDER,,,,,
,,,,,,,,,,
,,,,,HOLDER,,,,,
,,,,,,,,,,
,,,,,HOLDER,,,,,
,,,,,,,,,,
,,,,,HOLT,,,,,
,,,,,,,,,,
,,,,,HOLT,,,,,
,,,,,,,,,,
,,,,,HOLT,,,,,
,,,,,,,,,,
,,,,,HUGHES,,,,,
,,,,,,,,,,
,,,,,HUGHES,,,,,
,,,,,,,,,,
,,,,,HUGHES,,,,,
,,,,,,,,,,
,,,,,HUME,,,,,
,,,,,,,,,,
,,,,,HUME,,,,,
,,,,,,,,,,
,,,,,HUME,,,,,
,,,,,,,,,,
,,,,,ISAACS,,,,,
,,,,,,,,,,
,,,,,ISAACS,,,,,
,,,,,,,,,,
,,,,,ISAACS,,,,,
,,,,,,,,,,
,,,,,ISABELLA PLAINS,,,,,
,,,,,,,,,,
,,,,,ISABELLA PLAINS,,,,,
,,,,,,,,,,
,,,,,ISABELLA PLAINS,,,,,
,,,,,,,,,,
,,,,,KALEEN,,,,,
,,,,,,,,,,
,,,,,KALEEN,,,,,
,,,,,,,,,,
,,,,,KALEEN,,,,,
,,,,,,,,,,
,,,,,KAMBAH,,,,,
,,,,,,,,,,
,,,,,KAMBAH,,,,,
,,,,,,,,,,
,,,,,KAMBAH,,,,,
,,,,,,,,,,
,,,,,KINGSTON,,,,,
,,,,,,,,,,
,,,,,KINGSTON,,,,,
,,,,,,,,,,
,,,,,KINGSTON,,,,,
,,,,,,,,,,
,,,,,LATHAM,,,,,
,,,,,,,,,,
,,,,,LATHAM,,,,,
,,,,,,,,,,
,,,,,LATHAM,,,,,
,,,,,,,,,,
,,,,,LAWSON,,,,,
,,,,,,,,,,
,,,,,LAWSON,,,,,
,,,,,,,,,,
,,,,,LAWSON,,,,,
,,,,,,,,,,
,,,,,LYNEHAM,,,,,
,,,,,,,,,,
,,,,,LYNEHAM,,,,,
,,,,,,,,,,
,,,,,LYNEHAM,,,,,
,,,,,,,,,,
,,,,,LYONS,,,,,
,,,,,,,,,,
,,,,,LYONS,,,,,
,,,,,,,,,,
,,,,,LYONS,,,,,
,,,,,,,,,,
,,,,,MACGREGOR,,,,,
,,,,,,,,,,
,,,,,MACGREGOR,,,,,
,,,,,,,,,,
,,,,,MACGREGOR,,,,,
,,,,,,,,,,
,,,,,MACQUARIE,,,,,
,,,,,,,,,,
,,,,,MACQUARIE,,,,,
,,,,,,,,,,
,,,,,MACQUARIE,,,,,
,,,,,,,,,,
,,,,,MAWSON,,,,,
,,,,,,,,,,
,,,,,MAWSON,,,,,
,,,,,,,,,,
,,,,,MAWSON,,,,,
,,,,,,,,,,
,,,,,MCKELLAR,,,,,
,,,,,,,,,,
,,,,,MCKELLAR,,,,,
,,,,,,,,,,
,,,,,MCKELLAR,,,,,
,,,,,,,,,,
,,,,,MELBA,,,,,
,,,,,,,,,,
,,,,,MELBA,,,,,
,,,,,,,,,,
,,,,,MELBA,,,,,
,,,,,,,,,,
,,,,,MITCHELL,,,,,
,,,,,,,,,,
,,,,,MITCHELL,,,,,
,,,,,,,,,,
,,,,,MITCHELL,,,,,
,,,,,,,,,,
,,,,,MONASH,,,,,
,,,,,,,,,,
,,,,,MONASH,,,,,
,,,,,,,,,,
,,,,,MONASH,,,,,
,,,,,,,,,,
,,,,,NARRABUNDAH,,,,,
,,,,,,,,,,
,,,,,NARRABUNDAH,,,,,
,,,,,,,,,,
,,,,,NARRABUNDAH,,,,,
,,,,,,,,,,
,,,,,NGUNNAWAL,,,,,
,,,,,,,,,,
,,,,,NGUNNAWAL,,,,,
,,,,,,,,,,
,,,,,NGUNNAWAL,,,,,
,,,,,,,,,,
,,,,,NICHOLLS,,,,,
,,,,,,,,,,
,,,,,NICHOLLS,,,,,
,,,,,,,,,,
,,,,,NICHOLLS,,,,,
,,,,,,,,,,
,,,,,O'CONNOR,,,,,
,,,,,,,,,,
,,,,,O'CONNOR,,,,,
,,,,,,,,,,
,,,,,O'CONNOR,,,,,
,,,,,,,,,,
,,,,,O'MALLEY,,,,,
,,,,,,,,,,
,,,,,O'MALLEY,,,,,
,,,,,,,,,,
,,,,,O'MALLEY,,,,,
,,,,,,,,,,
,,,,,OXLEY,,,,,
,,,,,,,,,,
,,,,,OXLEY,,,,,
,,,,,,,,,,
,,,,,OXLEY,,,,,
,,,,,,,,,,
,,,,,PAGE,,,,,
,,,,,,,,,,
,,,,,PAGE,,,,,
,,,,,,,,,,
,,,,,PAGE,,,,,
,,,,,,,,,,
,,,,,PALMERSTON,,,,,
,,,,,,,,,,
,,,,,PALMERSTON,,,,,
,,,,,,,,,,
,,,,,PALMERSTON,,,,,
,,,,,,,,,,
,,,,,PARKES,,,,,
,,,,,,,,,,
,,,,,PARKES,,,,,
,,,,,,,,,,
,,,,,PARKES,,,,,
,,,,,,,,,,
,,,,,PEARCE,,,,,
,,,,,,,,,,
,,,,,PEARCE,,,,,
,,,,,,,,,,
,,,,,PEARCE,,,,,
,,,,,,,,,,
,,,,,PHILLIP,,,,,
,,,,,,,,,,
,,,,,PHILLIP,,,,,
,,,,,,,,,,
,,,,,PHILLIP,,,,,
,,,,,,,,,,
,,,,,RED HILL,,,,,
,,,,,,,,,,
,,,,,RED HILL,,,,,
,,,,,,,,,,
,,,,,RED HILL,,,,,
,,,,,,,,,,
,,,,,REID,,,,,
,,,,,,,,,,
,,,,,REID,,,,,
,,,,,,,,,,
,,,,,REID,,,,,
,,,,,,,,,,
,,,,,RICHARDSON,,,,,
,,,,,,,,,,
,,,,,RICHARDSON,,,,,
,,,,,,,,,,
,,,,,RICHARDSON,,,,,
,,,,,,,,,,
,,,,,RIVETT,,,,,
,,,,,,,,,,
,,,,,RIVETT,,,,,
,,,,,,,,,,
,,,,,RIVETT,,,,,
,,,,,,,,,,
,,,,,RUSSELL,,,,,
,,,,,,,,,,
,,,,,RUSSELL,,,,,
,,,,,,,,,,
,,,,,RUSSELL,,,,,
,,,,,,,,,,
,,,,,SCULLIN,,,,,
,,,,,,,,,,
,,,,,SCULLIN,,,,,
,,,,,,,,,,
,,,,,SCULLIN,,,,,
,,,,,,,,,,
,,,,,SPENCE,,,,,
,,,,,,,,,,
,,,,,SPENCE,,,,,
,,,,,,,,,,
,,,,,SPENCE,,,,,
,,,,,,,,,,
,,,,,STIRLING,,,,,
,,,,,,,,,,
,,,,,STIRLING,,,,,
,,,,,,,,,,
,,,,,STIRLING,,,,,
,,,,,,,,,,
,,,,,SYMONSTON,,,,,
,,,,,,,,,,
,,,,,SYMONSTON,,,,,
,,,,,,,,,,
,,,,,SYMONSTON,,,,,
,,,,,,,,,,
,,,,,THEODORE,,,,,
,,,,,,,,,,
,,,,,THEODORE,,,,,
,,,,,,,,,,
,,,,,THEODORE,,,,,
,,,,,,,,,,
,,,,,TORRENS,,,,,
,,,,,,,,,,
,,,,,TORRENS,,,,,
,,,,,,,,,,
,,,,,TORRENS,,,,,
,,,,,,,,,,
,,,,,TURNER,,,,,
,,,,,,,,,,
,,,,,TURNER,,,,,
,,,,,,,,,,
,,,,,TURNER,,,,,
,,,,,,,,,,
,,,,,WANNIASSA,,,,,
,,,,,,,,,,
,,,,,WANNIASSA,,,,,
,,,,,,,,,,
,,,,,WANNIASSA,,,,,
,,,,,,,,,,
,,,,,WARAMANGA,,,,,
,,,,,,,,,,
,,,,,WARAMANGA,,,,,
,,,,,,,,,,
,,,,,WARAMANGA,,,,,
,,,,,,,,,,
,,,,,WATSON,,,,,
,,,,,,,,,,
,,,,,WATSON,,,,,
,,,,,,,,,,
,,,,,WATSON,,,,,
,,,,,,,,,,
,,,,,WEETANGERA,,,,,
,,,,,,,,,,
,,,,,WEETANGERA,,,,,
,,,,,,,,,,
,,,,,WEETANGERA,,,,,
,,,,,,,,,,
,,,,,WESTON,,,,,
,,,,,,,,,,
,,,,,WESTON,,,,,
,,,,,,,,,,
,,,,,WESTON,,,,,
,,,,,,,,,,
,,,,,WRIGHT,,,,,
,,,,,,,,,,
,,,,,WRIGHT,,,,,
,,,,,,,,,,
,,,,,WRIGHT,,,,,
,,,,,,,,,,
,,,,,YARRALUMLA,,,,,
,,,,,,,,,,
,,,,,YARRALUMLA,,,,,
,,,,,,,,,,
,,,,,YARRALUMLA,,,,,