,Unnamed: 0,Stop ID,Stop Latitude,Stop Longitude,Stop Name,Suburb,Location,distance_next_stop,distance_suburb_center,# of Bus Stops (in Suburbs),Population Density,Label
0,0.0,8889.0,-35.288746,149.127365,COMMONWEALTH AV AFTER ALBERT HALL,ACTON,"(-35.288746, 149.127365)",0.05703826256804439,1.2600676827275812,0.008587041,0.526315789,1
1,1.0,3486.0,-35.282188,149.120972,LIVERSIDGE ST AFTER GARRAN RD,ACTON,"(-35.282188, 149.120972)",0.0322451269765105,0.3352694407708384,0.008587041,0.526315789,1
2,2.0,3487.0,-35.282471,149.120895,LIVERSIDGE AFTER ELLERY CR,ACTON,"(-35.282471, 149.120895)",0.0322451269765105,0.3615526648133217,0.008587041,0.526315789,1
3,3.0,3147.0,-35.262012,149.14181499999998,COWPER ST 2ND AFTER BONNEY ST,AINSLIE,"(-35.262012, 149.141815)",0.2759957516891836,0.22997621581438749,0.013270882,0.4,1
4,4.0,3144.0,-35.265167,149.139267,COWPER ST OPP ALL SAINTS CHURCH,AINSLIE,"(-35.265167, 149.139267)",0.17130689356339188,0.5183137470956897,0.013270882,0.4,1
5,5.0,3145.0,-35.264374,149.140884,COWPER ST AFTER BONNEY ST,AINSLIE,"(-35.264374, 149.140884)",0.17130689356339188,0.3470077197191884,0.013270882,0.4,1
6,6.0,5081.0,-35.169154999999996,149.12941,KATHERINE AV AFTER TIMBORAM ST,AMAROO,"(-35.169155, 149.12941)",0.17598659613953502,0.25296258345699846,0.005854801,0.384615385,1
7,7.0,5082.0,-35.16946,149.131821,KATHERINE AV AFTER COOLOOLA ST,AMAROO,"(-35.16946, 149.131821)",0.22183019232353898,0.3422086302038406,0.005854801,0.384615385,1
8,8.0,5080.0,-35.168079,149.12799099999998,KATHERINE AV AFTER SHOALHAVEN AV,AMAROO,"(-35.168079, 149.127991)",0.17598659613953502,0.3771160182539114,0.005854801,0.384615385,1
9,9.0,4521.0,-35.256203,149.079651,BANDJALONG CR ARANDA PRIMARY,ARANDA,"(-35.256203, 149.079651)",0.03572806285381154,0.2390306844064456,0.005464481,0.625,1
10,10.0,4522.0,-35.256347999999996,149.0793,BANDJALONG CR OPP ARANDA PRIMARY,ARANDA,"(-35.256348, 149.0793)",0.03572806285381154,0.22976294370488842,0.005464481,0.625,1
11,11.0,4525.0,-35.259003,149.084671,BANDJALONG BEFORE BANAMBILA ST,ARANDA,"(-35.259003, 149.084671)",0.5521648881623935,0.43074028490268407,0.005464481,0.625,1
12,12.0,1262.0,-35.469933000000005,149.098663,WIBURD ST BEFORE POCKETT AV,BANKS,"(-35.469933, 149.098663)",0.37112516215195435,0.47589937230314944,0.010928962,0.434782609,1
13,13.0,1261.0,-35.46656,149.10051,TOM ROBERTS BEFORE MCLUCKIE CR,BANKS,"(-35.46656, 149.10051)",0.4107972967487096,0.8730722079367498,0.010928962,0.434782609,1
14,14.0,1227.0,-35.472431,149.095947,POCKETT AV BANKS SHOPS,BANKS,"(-35.472431, 149.095947)",0.37112516215195435,0.1066041168732242,0.010928962,0.434782609,1
15,15.0,2446.0,-35.309296,149.132553,BRISBANE AV AFTER NATIONAL CCT,BARTON,"(-35.309296, 149.132553)",0.05829766677726488,0.24077203063269437,0.005074161,0.452488688,1
16,16.0,2447.0,-35.308884,149.13295,BRISBANE AV AFTER STATE CIR,BARTON,"(-35.308884, 149.13295)",0.05829766677726488,0.18309544393668292,0.005074161,0.452488688,1
17,17.0,2375.0,-35.309258,149.136505,BRISBANE AV AFTER MACQUARIE ST,BARTON,"(-35.309258, 149.136505)",0.3253530898904871,0.2491927790884002,0.005074161,0.452488688,1
18,18.0,5141.0,-35.233608000000004,149.06243899999998,JOYNTON SMITH DR AFTER MORELL ST,BELCONNEN,"(-35.233608, 149.062439)",0.015085567592690816,0.44326565290317455,0.019906323,0.22727272699999998,1
19,19.0,5142.0,-35.2337,149.06231699999998,JOYNTON SMITH DR AFTER BEISSEL ST,BELCONNEN,"(-35.2337, 149.062317)",0.015085567592690816,0.4406222377501152,0.019906323,0.22727272699999998,1
20,20.0,5139.0,-35.230595,149.061752,JOYNTON SMITH DR AFTER SUTHERLAND CR,BELCONNEN,"(-35.230595, 149.061752)",0.34089840269169674,0.7711231286404101,0.019906323,0.22727272699999998,1
21,21.0,6329.0,-35.160358,149.136246,MOBOURNE ST AFTER RODEN CUTLER DR,BONNER,"(-35.160358, 149.136246)",0.3579130830341113,0.5017416841081275,0.00273224,0.35714285700000004,1
22,22.0,6331.0,-35.162155,149.139511,MABO BVD BONNER SHOPS,BONNER,"(-35.162155, 149.139511)",0.3579130830341113,0.6127842591017248,0.00273224,0.35714285700000004,1
23,23.0,6325.0,-35.154099,149.139542,ESSIE COFFEY ST BEFORE MUMSHIRL ST,BONNER,"(-35.154099, 149.139542)",0.7579693739233425,1.2551500605513584,0.00273224,0.35714285700000004,1
24,24.0,1046.0,-35.426731,149.074173,BARR SMITH AV AFTER SALAS ST,BONYTHON,"(-35.426731, 149.074173)",0.018736003608762312,0.8536458611469225,0.008587041,0.344827586,1
25,25.0,1047.0,-35.426899,149.074188,BARR SMITH AV AFTER DON DUNSTAN DR,BONYTHON,"(-35.426899, 149.074188)",0.018736003608762312,0.842250607867989,0.008587041,0.344827586,1
26,26.0,1044.0,-35.434803,149.086151,HURTLE AV AFTER NOARLUNGA CR,BONYTHON,"(-35.434803, 149.086151)",0.8900852473579112,0.5660951774721976,0.008587041,0.344827586,1
27,27.0,300.0,-35.273621,149.140823,DONALDSON ST AFTER AINSLIE PRIMARY SCHOOL,BRADDON,"(-35.273621, 149.140823)",0.4832146492733847,0.5133794878830272,0.011319282,0.7142857140000001,1
28,28.0,2560.0,-35.266106,149.13687099999999,IPIMA ST MERICI CLG,BRADDON,"(-35.266106, 149.136871)",0.2413665310258761,0.6602493540223363,0.011319282,0.7142857140000001,1
29,29.0,3385.0,-35.273182,149.135529,FAWKNER ST AFTER FARRER ST,BRADDON,"(-35.273182, 149.135529)",0.4832146492733847,0.13772436007736705,0.011319282,0.7142857140000001,1
30,30.0,4973.0,-35.251682,149.090225,MARY POTTER CCT CALVARY HOSPITAL,BRUCE,"(-35.251682, 149.090225)",0.9579093837875862,1.613377284491853,0.015612802,0.172413793,1
31,31.0,4971.0,-35.240219,149.091599,EARDLEY ST AFTER HAYDON DR,BRUCE,"(-35.240219, 149.091599)",0.014975505001371606,1.3409576196813826,0.015612802,0.172413793,1
32,32.0,4982.0,-35.240353000000006,149.091583,EARDLEY ST AFTER THYNNE ST,BRUCE,"(-35.240353, 149.091583)",0.014975505001371606,1.3373959674637175,0.015612802,0.172413793,1
33,33.0,1029.0,-35.441601,149.100906,DUGGAN ST AFTER THARWA DR,CALWELL,"(-35.441601, 149.100906)",0.01939262039704327,0.9162943701178835,0.011709602,0.256410256,1
34,34.0,1030.0,-35.441601,149.10112,DUGGAN ST AFTER ANDREW CR,CALWELL,"(-35.441601, 149.10112)",0.01939262039704327,0.8988922524706121,0.011709602,0.256410256,1
35,35.0,1027.0,-35.439865000000005,149.098618,DUGGAN ST AFTER DOWNARD ST,CALWELL,"(-35.439865, 149.098618)",0.28332951950163643,1.0521210997432564,0.011709602,0.256410256,1
36,36.0,3474.0,-35.282707,149.148727,FAIRBAIRN AV AFTER CRESWELL ST,CAMPBELL,"(-35.282707, 149.148727)",0.11968554000828766,0.7573988693255163,0.017174083,0.15625,1
37,37.0,3473.0,-35.282612,149.15004,FAIRBAIRN AV AFTER WAR MEMORIAL SERVICE RD,CAMPBELL,"(-35.282612, 149.15004)",0.11968554000828766,0.699144436246808,0.017174083,0.15625,1
38,38.0,3424.0,-35.292652000000004,149.163208,MILNE BAY RD 2ND AFTER GENERAL BRIDGES RD,CAMPBELL,"(-35.292652, 149.163208)",1.1210197091672658,0.988519415390239,0.017174083,0.15625,1
39,39.0,5111.0,-35.29586,149.18956,CATALINA DR COSTCO,CANBERRA AIRPORT,"(-35.29586, 149.18956)",0.37708996671933437,0.0,0.0039,0.21,1
40,40.0,5103.0,-35.299023,149.188065,CATALINA DR,CANBERRA AIRPORT,"(-35.299023, 149.188065)",0.10896657063168731,0.0,0.0039,0.21,1
41,41.0,5110.0,-35.299609999999994,149.189026,DAKOTA DR AFTER SPITFIRE AV,CANBERRA AIRPORT,"(-35.29961, 149.189026)",0.10896657063168731,0.0,0.0039,0.21,1
42,42.0,2587.0,-35.309078,149.126083,PARLIAMENT DR NEW PARLIAMENT HOUSE,CAPITAL HILL,"(-35.309078, 149.126083)",0.36388207688426993,0.18753855736875089,0.0019515999999999997,0.0,1
43,43.0,2586.0,-35.30727,149.122742,PARLIAMENT DR PARLIAMENT HOUSE,CAPITAL HILL,"(-35.30727, 149.122742)",0.3583758449549168,0.1765573009731315,0.0019515999999999997,0.0,1
44,44.0,2245.0,-35.305534,149.126068,FEDERATION MALL PARLIAMENT HOUSE NORTHBOUND,CAPITAL HILL,"(-35.305534, 149.126068)",0.3583758449549168,0.32308828183211896,0.0019515999999999997,0.0,1
45,45.0,4842.0,-35.162437,149.09835800000002,PLIMSOLL DR BEFORE RONALD WALKER ST,CASEY,"(-35.162437, 149.098358)",0.10404639167269361,1.3822003425292098,0.004683840999999999,0.384615385,1
46,46.0,4843.0,-35.159519,149.101334,WHITROD AV AFTER KOWALSKI ST,CASEY,"(-35.159519, 149.101334)",0.4225880203087292,1.7593858487716192,0.004683840999999999,0.384615385,1
47,47.0,4841.0,-35.163345,149.098083,PLIMSOLL DR BEFORE BOTT CR,CASEY,"(-35.163345, 149.098083)",0.10404639167269361,1.2785166158169556,0.004683840999999999,0.384615385,1
48,48.0,1269.0,-35.358208000000005,149.04788200000002,NAMATJIRA DR AFTER PERRY DR,CHAPMAN,"(-35.358208, 149.047882)",0.030430740979171585,12347.594155420382,0.007416081,0.526315789,1
49,49.0,1270.0,-35.360443,149.047653,NAMATJIRA DR AFTER KAPUNDA ST,CHAPMAN,"(-35.360443, 149.047653)",0.021616953595953194,12347.72648914237,0.007416081,0.526315789,1
50,50.0,1271.0,-35.36356,149.049606,NAMATJIRA DR 3RD FROM DRAKEFORD DR,CHAPMAN,"(-35.36356, 149.049606)",0.36830031572580746,12347.727810174045,0.007416081,0.526315789,1
51,51.0,4208.0,-35.203167,149.02787800000002,LHOTSKY ST AFTER CARTWRIGHT ST,CHARNWOOD,"(-35.203167, 149.027878)",0.24764959025024408,0.9008227746143552,0.007806401,0.526315789,1
52,52.0,4209.0,-35.201019,149.027161,LHOTSKY ST BEFORE SPORT WY,CHARNWOOD,"(-35.201019, 149.027161)",0.24764959025024408,0.901424023872215,0.007806401,0.526315789,1
53,53.0,4206.0,-35.205486,149.032501,LHOTSKY ST CHARNWOOD SHOPS,CHARNWOOD,"(-35.205486, 149.032501)",0.4930250560839119,0.7345441786222311,0.007806401,0.526315789,1
54,54.0,2000.0,-35.353077,149.080521,EGGLESTONE AFTER MACLAURIN,CHIFLEY,"(-35.353077, 149.080521)",0.3390457744360468,0.33127680795214565,0.005464481,0.625,1
55,55.0,262.0,-35.351879,149.08403,EGGLESTON CR 2ND AFTER MACLAURIN CR,CHIFLEY,"(-35.351879, 149.08403)",0.016573245152354255,0.5735848109464974,0.005464481,0.625,1
56,56.0,263.0,-35.352028000000004,149.08403,EGGLESTON CR AFTER MELROSE DR,CHIFLEY,"(-35.352028, 149.08403)",0.016573245152354255,0.5762856384459121,0.005464481,0.625,1
57,57.0,1500.0,-35.418312,149.11557,BEATTIE CR AFTER GOLDSTEIN CR,CHISHOLM,"(-35.418312, 149.11557)",0.4104543685458782,0.9048227603168731,0.016003123,0.322580645,1
58,58.0,1003.0,-35.418968,149.120026,HAMBIDGE CR AFTER TRUGANINI PL,CHISHOLM,"(-35.418968, 149.120026)",0.4104543685458782,0.6202417862898544,0.016003123,0.322580645,1
59,59.0,1121.0,-35.429241,149.121445,DEAMER CR AFTER CLIFT CR,CHISHOLM,"(-35.429241, 149.121445)",0.5007338163872025,0.5724233144348928,0.016003123,0.322580645,1
60,60.0,8831.0,-35.278988,149.12886,CITY BUS STN NORTHBOURNE AV PLT 11,CITY,"(-35.278988, 149.12886)",0.16523933893814693,3.1969337548247614,0.010928962,0.666666667,1
61,61.0,1821.0,-35.279144,149.12558,CITY WEST PLATFORM 1,CITY,"(-35.279144, 149.12558)",0.2983366657759744,3.155799931332496,0.010928962,0.666666667,1
62,62.0,1723.0,-35.278553,149.1306,CITY BUS STN ARRIVALS,CITY,"(-35.278553, 149.1306)",0.16523933893814693,3.2683351363113107,0.010928962,0.666666667,1
63,63.0,6018.0,-35.465488,149.106583,TEMPLESTOWE AV AFTER HUMPHREY ST,CONDER,"(-35.465488, 149.106583)",0.2038353582809761,1.203104501883814,0.010928962,0.222222222,1
64,64.0,6015.0,-35.466454,149.10853600000002,TEMPLESTOWE AV AFTER 2ND MONTEFIORE CR,CONDER,"(-35.466454, 149.108536)",0.010960786996911035,1.4058847654159226,0.010928962,0.222222222,1
65,65.0,6016.0,-35.466518,149.108444,TEMPLESTOWE AV AFTER KOHLHAGEN ST,CONDER,"(-35.466518, 149.108444)",0.010960786996911035,1.404491837595833,0.010928962,0.222222222,1
66,66.0,4512.0,-35.256199,149.066132,REDFERN ST 2ND BEFORE LYTTLETON CR,COOK,"(-35.256199, 149.066132)",0.19110393984944538,0.44165519210332693,0.005464481,0.588235294,1
67,67.0,4514.0,-35.256001,149.068222,REDFERN ST AFTER DEXTER ST,COOK,"(-35.256001, 149.068222)",0.19110393984944538,0.5711243112460331,0.005464481,0.588235294,1
68,68.0,4645.0,-35.260684999999995,149.072556,LYTTLETON CR AFTER BOURNE ST,COOK,"(-35.260685, 149.072556)",0.652987290971953,0.7944214193241438,0.005464481,0.588235294,1
69,69.0,2812.0,-35.325386,149.044632,JOHN GORTON DR AFTER HAROLD WHITE AVE,COOMBS,"(-35.325386, 149.044632)",0.13203156548730277,0.7207466903973061,0.00234192,0.434782609,1
70,70.0,2810.0,-35.320015000000005,149.037918,JOHN GORTON DR AFTER FRED DALY AVE,COOMBS,"(-35.320015, 149.037918)",0.08226690406480593,0.6383030143223699,0.00234192,0.434782609,1
71,71.0,3329.0,-35.319286,149.038071,FRED DALY BEFORE JOHN GORTON,COOMBS,"(-35.319286, 149.038071)",0.08226690406480593,0.6138726133383078,0.00234192,0.434782609,1
72,72.0,6334.0,-35.200641999999995,149.104126,ABENA AV AFTER CHANCE ST,CRACE,"(-35.200642, 149.104126)",0.01429538060423034,0.5386460217679201,0.003903201,0.588235294,1
73,73.0,6335.0,-35.200768,149.104095,ABENA AV AFTER TAPLOW ST,CRACE,"(-35.200768, 149.104095)",0.01429538060423034,0.5279210774893152,0.003903201,0.588235294,1
74,74.0,6332.0,-35.200691,149.113632,LANGTREE CR AFTER DURONG ST,CRACE,"(-35.200691, 149.113632)",0.571947515356742,0.7569337642610285,0.003903201,0.588235294,1
75,75.0,2020.0,-35.320927000000005,149.08158899999998,MCCULLOCH ST AFTER REYNOLDS ST,CURTIN,"(-35.320927, 149.081589)",0.4702377017307567,0.5699680403960781,0.010538641999999999,0.208333333,1
76,76.0,2017.0,-35.325825,149.085236,CARRUTHERS ST AFTER YARRA GLEN,CURTIN,"(-35.325825, 149.085236)",0.22236400366338635,0.6830084920478522,0.010538641999999999,0.208333333,1
77,77.0,2018.0,-35.324993,149.083008,CARRUTHERS ST CURTIN SHOPS,CURTIN,"(-35.324993, 149.083008)",0.22236400366338635,0.4746273124518769,0.010538641999999999,0.208333333,1
78,78.0,2304.0,-35.318466,149.095627,STRICKLAND CR CALVARY JOHN JAMES HOSPITAL,DEAKIN,"(-35.318466, 149.095627)",0.028705245389482038,1.0680307704977274,0.014832162,0.279329609,1
79,79.0,2305.0,-35.318363,149.095337,STRICKLAND CR OPP CALVARY JOHN JAMES HOSP.,DEAKIN,"(-35.318363, 149.095337)",0.028705245389482038,1.0906723425598333,0.014832162,0.279329609,1
80,80.0,2642.0,-35.31427,149.108826,GAWLER CR AFTER 2ND FERGUSSON CR,DEAKIN,"(-35.31427, 149.108826)",0.7705375564396018,0.25395906291911,0.014832162,0.279329609,1
81,81.0,2558.0,-35.252644000000004,149.139359,COWPER ST DARAMALAN COLLEGE,DICKSON,"(-35.252644, 149.139359)",0.46551528286950244,0.03665653738768087,0.006245121,0.625,1
82,82.0,3369.0,-35.256821,149.139679,COWPER ST BEFORE MAJURA AV,DICKSON,"(-35.256821, 149.139679)",0.46551528286950244,0.4806399783937463,0.006245121,0.625,1
83,83.0,4567.0,-35.255196000000005,149.13326999999998,NORTHBOURNE AV AFTER MORPHETT ST,DICKSON,"(-35.255196, 149.13327)",0.29850593905667283,0.6583062219696697,0.006245121,0.625,1
84,84.0,4749.0,-35.236713,149.142899,FEDERAL HWY AFTER PHILLIP AV,DOWNER,"(-35.236713, 149.142899)",0.30751653452284516,0.850793031833468,0.006635441,0.625,1
85,85.0,3246.0,-35.242367,149.14828500000002,BRADFIELD ST AFTER BURN ST,DOWNER,"(-35.242367, 149.148285)",0.3636970127569004,0.35935844709235254,0.006635441,0.625,1
86,86.0,3244.0,-35.243435,149.144501,BRADFIELD ST AFTER FRENCHAM ST,DOWNER,"(-35.243435, 149.144501)",0.3636970127569004,0.09318836588442893,0.006635441,0.625,1
87,87.0,2410.0,-35.34256,149.032303,WYANGALA ST AFTER WARANGA PL,DUFFY,"(-35.34256, 149.032303)",0.41435434976832447,0.6650928163755552,0.011319282,0.35714285700000004,1
88,88.0,2409.0,-35.33289,149.03733799999998,BURRINJUCK CR AFTER SERPENTINE ST,DUFFY,"(-35.33289, 149.037338)",0.5653412995213717,0.5039817927646686,0.011319282,0.35714285700000004,1
89,89.0,1637.0,-35.343933,149.027664,HINDMARSH DR WESTON CREEK TERMINUS,DUFFY,"(-35.343933, 149.027664)",0.40427955177512825,1.0186917168009548,0.011319282,0.35714285700000004,1
90,90.0,5025.0,-35.202498999999996,149.021942,GINNINDERRA DR AFTER LANCE HILL AV,DUNLOP,"(-35.202499, 149.021942)",0.5021026185143738,0.7921840439331237,0.011319282,0.27777777800000003,1
91,91.0,5026.0,-35.189392,149.02171299999998,KERRIGAN ST AFTER TRAEGER ST,DUNLOP,"(-35.189392, 149.021713)",0.9869149485449741,0.7030800094703862,0.011319282,0.27777777800000003,1
92,92.0,4970.0,-35.196498999999996,149.015213,KERRIGAN ST AFTER BEDOURIE ST,DUNLOP,"(-35.196499, 149.015213)",0.9052401773317162,0.4475798991323559,0.011319282,0.27777777800000003,1
93,93.0,4897.0,-35.210442,149.069794,ASHKANASY CR AFTER CLANCY ST,EVATT,"(-35.210442, 149.069794)",0.01260969681392819,0.2283246614585447,0.014051522,0.322580645,1
94,94.0,4898.0,-35.210388,149.069672,ASHKANASY CR AFTER PITCAIRN ST,EVATT,"(-35.210388, 149.069672)",0.01260969681392819,0.22330564346716014,0.014051522,0.322580645,1
95,95.0,4569.0,-35.210682,149.067444,ASHKANASY CR AFTER JENKS PL,EVATT,"(-35.210682, 149.067444)",0.20510239000964348,0.11368827970404106,0.014051522,0.322580645,1
96,96.0,1159.0,-35.398518,149.122116,BUGDEN AV AFTER 2ND MULLAN ST,FADDEN,"(-35.398518, 149.122116)",0.0069985643464857035,0.5378364388070622,0.010148322,0.322580645,1
97,97.0,1160.0,-35.398528999999996,149.12219199999998,BUGDEN AV AFTER COURTICE CL,FADDEN,"(-35.398529, 149.122192)",0.0069985643464857035,0.541767631895421,0.010148322,0.322580645,1
98,98.0,1161.0,-35.400242,149.115692,BUGDEN AV AFTER DASH CR,FADDEN,"(-35.400242, 149.115692)",0.6132011352247738,0.2863992505816673,0.010148322,0.322580645,1
99,99.0,2477.0,-35.373634,149.10171499999998,MARSHALL ST AFTER SPAFFORD CR,FARRER,"(-35.373634, 149.101715)",0.2904692424591056,0.5135138836453238,0.005464481,0.47619047600000003,1
100,100.0,2655.0,-35.371722999999996,149.098709,BEASLEY ST AFTER WILKINS ST,FARRER,"(-35.371723, 149.098709)",0.1934300893472181,0.853855599007197,0.005464481,0.47619047600000003,1
101,101.0,2654.0,-35.371151,149.100723,BEASLEY ST AFTER MARSHALL ST,FARRER,"(-35.371151, 149.100723)",0.1934300893472181,0.7916216091863347,0.005464481,0.47619047600000003,1
102,102.0,1264.0,-35.358478999999996,149.047928,NAMATJIRA DR SOUTHBOUND AFTER STREETON DR,FISHER,"(-35.358479, 149.047928)",0.030430740979171585,0.8693996657593452,0.006245121,0.625,1
103,103.0,1265.0,-35.360592,149.047806,NAMATJIRA DR BEFORE KAPUNDA ST,FISHER,"(-35.360592, 149.047806)",0.021616953595953194,0.8352270261394247,0.006245121,0.625,1
104,104.0,1263.0,-35.355114,149.050797,NAMATJIRA DR AFTER BADIMARA ST,FISHER,"(-35.355114, 149.050797)",0.3306135436801925,0.863283458006178,0.006245121,0.625,1
105,105.0,5028.0,-35.231945,149.04972800000002,SOUTHERN CROSS AFTER RATCLIFFE ST,FLOREY,"(-35.231945, 149.049728)",0.06745027290732805,0.6803262684698541,0.012880562,0.35714285700000004,1
106,106.0,5003.0,-35.229382,149.044449,SOUTHERN CROSS DR BEFORE RATCLIFFE CR,FLOREY,"(-35.229382, 149.044449)",0.20817056406828427,0.601504042082925,0.012880562,0.35714285700000004,1
107,107.0,4064.0,-35.224728000000006,149.054993,JOHN CLELAND CR AFTER CONNAH ST,FLOREY,"(-35.224728, 149.054993)",0.8961104105652479,0.5189612194039115,0.012880562,0.35714285700000004,1
108,108.0,4570.0,-35.213284,149.046417,KINGSFORD SMITH DR AFTER COMPANION CR,FLYNN,"(-35.213284, 149.046417)",0.1585198295847406,1.2497735953759512,0.008587041,0.47619047600000003,1
109,109.0,4436.0,-35.210693,149.047989,KINGSFORD SMITH DR BEFORE VERBRUGGHEN ST,FLYNN,"(-35.210693, 149.047989)",0.19138446609730006,0.9347492324133663,0.008587041,0.47619047600000003,1
110,110.0,4202.0,-35.208279,149.042145,COMPANION CR AFTER 2ND NULSEN CCT,FLYNN,"(-35.208279, 149.042145)",0.5951208168108811,0.97956901291766,0.008587041,0.47619047600000003,1
111,111.0,6339.0,-35.178909000000004,149.144272,DAVID WALSH AVE AFTER HORSE PARK DR,FORDE,"(-35.178909, 149.144272)",0.9369284538579243,1.3969794060390883,0.005464481,0.526315789,1
112,112.0,6312.0,-35.171356,149.14883400000002,ZAKHAROV AFTER JUSTICE KELLY ST,FORDE,"(-35.171356, 149.148834)",0.9369284538579243,0.7623941965622589,0.005464481,0.526315789,1
113,113.0,6317.0,-35.162506,149.149857,AMY ACKMAN ST AFTER TURBAYNE CRES,FORDE,"(-35.162506, 149.149857)",0.9416028159454579,0.75431085882903,0.005464481,0.526315789,1
114,114.0,2313.0,-35.318478000000006,149.11557,MELBOURNE AV OPP SENIOR GIRLS GRAMMAR SCHOOL,FORREST,"(-35.318478, 149.11557)",0.2842119353521766,0.8571374657654336,0.003903201,0.636942675,1
115,115.0,2595.0,-35.316414,149.117416,MELBOURNE AV BEFORE EMPIRE CCT,FORREST,"(-35.316414, 149.117416)",0.2842119353521766,0.7121388439089764,0.003903201,0.636942675,1
116,116.0,2593.0,-35.312927,149.120529,MELBOURNE AV SOUTH OF SOMERS CR,FORREST,"(-35.312927, 149.120529)",0.47985923337889547,0.700097810939012,0.003903201,0.636942675,1
117,117.0,6186.0,-35.200275,149.141541,OODGEROO AV AFTER GWEN MEREDITH,FRANKLIN,"(-35.200275, 149.141541)",0.014350625992207716,0.0923755319493472,0.007416081,0.434782609,1
118,118.0,6187.0,-35.200394,149.141602,OOGEROO AV BEFORE HOSKINS ST,FRANKLIN,"(-35.200394, 149.141602)",0.014350625992207716,0.0926411727736665,0.007416081,0.434782609,1
119,119.0,6185.0,-35.189995,149.143555,MANNING CLARK CR AFTER FLEMINGTON RD,FRANKLIN,"(-35.189995, 149.143555)",1.1580043389443868,1.1169785586158696,0.007416081,0.434782609,1
120,120.0,4933.0,-35.189999,149.047211,DALEY CR OPP FRASER EAST TERMINUS,FRASER,"(-35.189999, 149.047211)",0.6617712885508977,0.4121183339924028,0.012490242,0.4,1
121,121.0,4932.0,-35.190841999999996,149.035538,SHAKESPEARE CR FRASER OPP WEST TERMINUS,FRASER,"(-35.190842, 149.035538)",1.0652294168967062,1.3775397836147099,0.012490242,0.4,1
122,122.0,4887.0,-35.192387,149.053879,BINGLEY CR AFTER MORONEY ST,FRASER,"(-35.192387, 149.053879)",0.5543319068683519,0.3023199177527039,0.012490242,0.4,1
123,123.0,5127.0,-35.330887,149.16258200000001,CANBERRA AV AFTER IPSWICH ST,FYSHWICK,"(-35.330887, 149.162582)",0.8150168647513201,1.0571744558489473,0.017174083,0.102459016,1
124,124.0,2406.0,-35.327408,149.181198,ALBANY ST BEFORE COLLIE ST,FYSHWICK,"(-35.327408, 149.181198)",0.26581817690227494,0.6767751736109469,0.017174083,0.102459016,1
125,125.0,2407.0,-35.326725,149.178391,WOLLONGONG ST COMMONWEALTH BANK,FYSHWICK,"(-35.326725, 149.178391)",0.26581817690227494,0.4720314180703435,0.017174083,0.102459016,1
126,126.0,2302.0,-35.345757,149.104965,GILMORE CR AFTER ELDRIDGE CR,GARRAN,"(-35.345757, 149.104965)",0.012100453025400066,0.5004577608317468,0.010928962,0.37037037,1
127,127.0,2303.0,-35.345863,149.104935,GILMORE CR 2ND AFTER HARTIGAN ST,GARRAN,"(-35.345863, 149.104935)",0.012100453025400066,0.5118178116749863,0.010928962,0.37037037,1
128,128.0,2382.0,-35.346484999999994,149.099747,YAMBA DR THE CANBERRA HOSPITAL,GARRAN,"(-35.346485, 149.099747)",0.47519795714056395,0.8997502736868975,0.010928962,0.37037037,1
129,129.0,1145.0,-35.414936,149.132904,HEAGNEY CR AFTER LOUISA LAWSON CR NORTH ENTRY,GILMORE,"(-35.414936, 149.132904)",0.00970707692903774,0.674553841187753,0.007416081,0.47619047600000003,1
130,130.0,1142.0,-35.416759000000006,149.135056,HEAGNEY CR 3RD AFTER EMILY BULLOCK CR,GILMORE,"(-35.416759, 149.135056)",0.281373644898831,0.5072057888571577,0.007416081,0.47619047600000003,1
131,131.0,1146.0,-35.414982,149.132813,HEAGNEY CR BEFORE HAMBIDGE CR,GILMORE,"(-35.414982, 149.132813)",0.00970707692903774,0.6695957267447974,0.007416081,0.47619047600000003,1
132,132.0,5015.0,-35.217415,149.09033200000002,BALDWIN DR AFTER GUM ST,GIRALANG,"(-35.217415, 149.090332)",0.014359640047820471,0.8731274614836066,0.011709602,0.41666666700000005,1
133,133.0,5016.0,-35.217575,149.086792,BALDWIN DR AFTER WILLIAM SLIM DR,GIRALANG,"(-35.217575, 149.086792)",0.014624972202283378,1.1360712729039588,0.011709602,0.41666666700000005,1
134,134.0,5097.0,-35.218632,149.096756,BALDWIN DR BEFORE CHUCULBA CR,GIRALANG,"(-35.218632, 149.096756)",0.5874397256772342,0.7451094672752886,0.011709602,0.41666666700000005,1
135,135.0,1190.0,-35.452904,149.087967,LEWIS LUXTON AV AFTER SID BARNES CR,GORDON,"(-35.452904, 149.087967)",0.5279535268766651,0.3422327280900168,0.014832162,0.22727272699999998,1
136,136.0,1187.0,-35.44709,149.083847,CLARE DENNIS AV AFTER 2ND FRED LANE CR,GORDON,"(-35.44709, 149.083847)",0.25249683056953043,0.44728126692617304,0.014832162,0.22727272699999998,1
137,137.0,1188.0,-35.448402,149.086121,LEWIS LUXTON AV AFTER PREDDY WY,GORDON,"(-35.448402, 149.086121)",0.25249683056953043,0.30630701644872865,0.014832162,0.22727272699999998,1
138,138.0,1505.0,-35.414013,149.10939,CASTLETON CR OPP GOWRIE SHOPS,GOWRIE,"(-35.414013, 149.10939)",0.32037536780147696,0.23063298352884298,0.008196721,0.526315789,1
139,139.0,1506.0,-35.412067,149.105804,CASTLETON CR AFTER 2ND WHEATLEY ST,GOWRIE,"(-35.412067, 149.105804)",0.3905476192263779,0.38045296035192294,0.008196721,0.526315789,1
140,140.0,1503.0,-35.41452,149.112869,BUGDEN AV AFTER CASTLETON CR,GOWRIE,"(-35.41452, 149.112869)",0.32037536780147696,0.38237281164549775,0.008196721,0.526315789,1
141,141.0,1068.0,-35.419975,149.070831,ANKETELL ST AFTER BUNNINGS WAREHOUSE,GREENWAY,"(-35.419975, 149.070831)",0.019962892321471276,0.23223448299319635,0.009367681,0.188679245,1
142,142.0,1066.0,-35.422523,149.072922,ANKETELL ST OPP ACTEW AGL,GREENWAY,"(-35.422523, 149.072922)",0.34094913511822883,0.5685538226923934,0.009367681,0.188679245,1
143,143.0,1067.0,-35.419796000000005,149.070847,ANKETELL ST OPP TUGGERANONG SQUARE,GREENWAY,"(-35.419796, 149.070847)",0.019962892321471276,0.21401449373418163,0.009367681,0.188679245,1
144,144.0,5091.0,-35.333946000000005,149.13533,LA PEROUSE ST AFTER HAMELIN CR,GRIFFITH,"(-35.333946, 149.13533)",0.02230932339806123,1.040250466102329,0.009367681,0.363636364,1
145,145.0,2329.0,-35.319443,149.137543,GILES ST KINGSTON HOTEL,GRIFFITH,"(-35.319443, 149.137543)",0.2803721625126002,0.5879045143011198,0.009367681,0.363636364,1
146,146.0,2330.0,-35.317204,149.13896200000002,GILES ST AFTER LEICHHARDT ST,GRIFFITH,"(-35.317204, 149.138962)",0.19192073588598102,0.8510056687189053,0.009367681,0.363636364,1
147,147.0,5083.0,-35.186932,149.124054,THE VALLEY AV AFTER GUNGAHLIN DR,GUNGAHLIN,"(-35.186932, 149.124054)",0.11439060412928652,0.9181862405327463,0.013270882,0.21739130399999998,1
148,148.0,5084.0,-35.187759,149.123306,BURGMANN ANGLICAN SCHOOL THE VALLEY AV,GUNGAHLIN,"(-35.187759, 149.123306)",0.11439060412928652,1.022331131244861,0.013270882,0.21739130399999998,1
149,149.0,5085.0,-35.181183000000004,149.13324,GOZZARD ST GUNGAHLIN,GUNGAHLIN,"(-35.181183, 149.13324)",0.9132106710648425,0.21434098293155177,0.013270882,0.21739130399999998,1
150,150.0,3199.0,-35.247097,149.162964,MADIGAN ST AFTER HADDON ST,HACKETT,"(-35.247097, 149.162964)",0.3792035368245014,0.10799921761995833,0.004683840999999999,0.526315789,1
151,151.0,3196.0,-35.246426,149.15631100000002,ANTILL ST AFTER ANTILL SERVICE RD,HACKETT,"(-35.246426, 149.156311)",0.3944333856338883,0.6147910744493689,0.004683840999999999,0.526315789,1
152,152.0,3197.0,-35.244644,149.160065,MADIGAN ST AFTER ANTILL ST,HACKETT,"(-35.244644, 149.160065)",0.3792035368245014,0.4525132741018238,0.004683840999999999,0.526315789,1
153,153.0,6052.0,-35.200195,149.15833999999998,CULTIVATION ST AFTER ENCOUNTER ST,HARRISON,"(-35.200195, 149.15834)",0.06566953442684301,9.223372036854776e+18,0.010928962,0.333333333,1
154,154.0,6053.0,-35.20068,149.157928,CULTIVATION ST AFTER NULLARBOR AV,HARRISON,"(-35.20068, 149.157928)",0.06566953442684301,9.223372036854776e+18,0.010928962,0.333333333,1
155,155.0,6058.0,-35.195549,149.15831,JENOLAN ST AFTER MAPLETON AV,HARRISON,"(-35.195549, 149.15831)",0.5167809992184487,9.223372036854776e+18,0.010928962,0.333333333,1
156,156.0,4810.0,-35.242207,149.03276100000002,MURRANJI ST AFTER ALEXANDRIA ST,HAWKER,"(-35.242207, 149.032761)",0.041272346154101476,0.5160218247433075,0.009367681,0.526315789,1
157,157.0,4811.0,-35.241894,149.033005,MURRANJI ST AFTER BELCONNEN WAY,HAWKER,"(-35.241894, 149.033005)",0.041272346154101476,0.5106574634670461,0.009367681,0.526315789,1
158,158.0,4823.0,-35.241856,149.04345700000002,BELCONNEN WY AFTER SPRINGVALE DR,HAWKER,"(-35.241856, 149.043457)",0.029732468960959497,0.550107909087156,0.009367681,0.526315789,1
159,159.0,4986.0,-35.229664,149.022766,FULLAGAR CR BEFORE ASHBURNER ST,HIGGINS,"(-35.229664, 149.022766)",0.14644488254325266,0.49483627001651737,0.013270882,0.588235294,1
160,160.0,4987.0,-35.230949,149.02311699999998,FULLAGAR CR HIGGINS OVAL,HIGGINS,"(-35.230949, 149.023117)",0.14644488254325266,0.3989359955390501,0.013270882,0.588235294,1
161,161.0,4990.0,-35.230095,149.02844199999998,CASTIEAU CR AFTER DETHRIDGE ST,HIGGINS,"(-35.230095, 149.028442)",0.3068785455650706,0.26126487094514783,0.013270882,0.588235294,1
162,162.0,2408.0,-35.335564,149.046356,BLACKWOOD TCE AFTER HYNDES CR,HOLDER,"(-35.335564, 149.046356)",0.012984014122225223,0.13225404726148743,0.009367681,0.526315789,1
163,163.0,2397.0,-35.335625,149.046478,BLACKWOOD TCE AFTER PEARSON ST,HOLDER,"(-35.335625, 149.046478)",0.012984014122225223,0.14044849600164905,0.009367681,0.526315789,1
164,164.0,2394.0,-35.331921,149.049057,MULLEY ST GRANT CAMERON CENTRE,HOLDER,"(-35.331921, 149.049057)",0.47356642660022413,0.5842714058048797,0.009367681,0.526315789,1
165,165.0,5030.0,-35.224971999999994,149.005096,SPOFFORTH ST AFTER MESSSENGER ST,HOLT,"(-35.224972, 149.005096)",0.03526580841696881,0.9294938541761157,0.019906323,0.303030303,1
166,166.0,4954.0,-35.222072999999995,149.01191699999998,BEAUREPAIRE CR AFTER MESSENGER ST,HOLT,"(-35.222073, 149.011917)",0.3165716456784464,0.3840794651474294,0.019906323,0.303030303,1
167,167.0,4951.0,-35.225277,149.00499,SPOFFORTH ST BEFORE MESSENGER ST,HOLT,"(-35.225277, 149.00499)",0.03526580841696881,0.9429189421640793,0.019906323,0.303030303,1
168,168.0,2016.0,-35.326916,149.090012,CARRUTHERS ST BEFORE GROOM ST,HUGHES,"(-35.326916, 149.090012)",0.1754834392826419,0.767410500917487,0.005854801,0.5555555560000001,1
169,169.0,2639.0,-35.328666999999996,149.08866899999998,GROOM ST OPP ST. ANDREWS VILLAGE,HUGHES,"(-35.328667, 149.088669)",0.06052913622596822,0.6828658279452509,0.005854801,0.5555555560000001,1
170,170.0,2640.0,-35.331596000000005,149.089264,GROOM ST AFTER WEBSTER ST,HUGHES,"(-35.331596, 149.089264)",0.005912615337716377,0.45725165773346443,0.005854801,0.5555555560000001,1
171,171.0,6666.0,-35.372116,149.17001299999998,ALEXANDER MACONOCHIE CENTRE,HUME,"(-35.372116, 149.170013)",1.2355505887884126,1.6555452575776883,0.00156128,0.11627907,1
172,172.0,2657.0,-35.39283,149.164597,SHEPPARD ST BEFORE TRALEE ST,HUME,"(-35.39283, 149.164597)",0.09472153474340751,0.8127405030260343,0.00156128,0.11627907,1
173,173.0,2661.0,-35.38884,149.170334,SHEPPARD ST AFTER JOHNS PL,HUME,"(-35.38884, 149.170334)",0.5896758922259883,0.20689178747703946,0.00156128,0.11627907,1
174,174.0,2461.0,-35.370028999999995,149.11146499999998,JULIA FLYNN AV AFTER DORSCH ST,ISAACS,"(-35.370029, 149.111465)",0.232275926949623,0.2813846967849087,0.007416081,0.322580645,1
175,175.0,2458.0,-35.365765,149.112518,JULIA FLYNN AV 2ND AFTER RINGROSE CR,ISAACS,"(-35.365765, 149.112518)",0.16396761210474256,0.2184707919014828,0.007416081,0.322580645,1
176,176.0,2459.0,-35.367218,149.112823,JULIA FLYNN AV OPP ISAACS SHOPS,ISAACS,"(-35.367218, 149.112823)",0.16396761210474256,0.13379712501164795,0.007416081,0.322580645,1
177,177.0,1016.0,-35.428921,149.102844,ELLERSTON AV AFTER ASHLEY DR,ISABELLA PLAINS,"(-35.428921, 149.102844)",0.41888225843798,0.7182799420903717,0.007806401,0.4,1
178,178.0,1007.0,-35.427859999999995,149.091034,ELLERSTON AV OPP ISABELLA PLAINS SHOPS,ISABELLA PLAINS,"(-35.42786, 149.091034)",0.2013037114061204,0.35979598522963546,0.007806401,0.4,1
179,179.0,1001.0,-35.426113,149.091614,DRUMSTON ST OPP MACKILLOP COLLEGE,ISABELLA PLAINS,"(-35.426113, 149.091614)",0.2013037114061204,0.3718035936806816,0.007806401,0.4,1
180,180.0,5011.0,-35.228031,149.09848,BALDWIN DR BEFORE MARIBYRNONG AV SOUTH ENTRY,KALEEN,"(-35.228031, 149.09848)",0.16938103080040512,1.0385097922412907,0.014441842,0.166666667,1
181,181.0,5007.0,-35.224987,149.10058600000002,BALDWIN DR KALEEN HS,KALEEN,"(-35.224987, 149.100586)",0.2219026754555051,0.6623272940787035,0.014441842,0.166666667,1
182,182.0,5008.0,-35.22681,149.099594,BALDWIN DR AFTER KALEEN HS,KALEEN,"(-35.22681, 149.099594)",0.16938103080040512,0.8697385046938877,0.014441842,0.166666667,1
183,183.0,1315.0,-35.388237,149.085724,ATKINS ST AFTER ATHLLON DR,KAMBAH,"(-35.388237, 149.085724)",0.01561955407616612,1.6984001989847675,0.029274005,0.088495575,1
184,184.0,1316.0,-35.388206,149.085892,ATKINS ST AFTER LIVINGSTON AV,KAMBAH,"(-35.388206, 149.085892)",0.01561955407616612,1.7137230316262422,0.029274005,0.088495575,1
185,185.0,1313.0,-35.387684,149.083832,LIVINGSTON AV AFTER SYMERS ST,KAMBAH,"(-35.387684, 149.083832)",0.18225975842631315,1.5717167570737176,0.029274005,0.088495575,1
186,186.0,2596.0,-35.316624,149.14181499999998,EYRE ST KINGSTON SHOPS,KINGSTON,"(-35.316624, 149.141815)",0.17279315789704008,0.244297086565008,0.005074161,0.763358779,1
187,187.0,2598.0,-35.315804,149.140198,GILES ST KINGSTON SHOPS,KINGSTON,"(-35.315804, 149.140198)",0.17279315789704008,0.36128604715571433,0.005074161,0.763358779,1
188,188.0,2373.0,-35.313087,149.143219,WENTWORTH AV OPP OLD BUS DEPOT MARKETS,KINGSTON,"(-35.313087, 149.143219)",0.2746874430623175,0.28779004351559395,0.005074161,0.763358779,1
189,189.0,4993.0,-35.221104,149.038361,O'LOGHLEN ST AFTER 2ND CHAMBERS ST,LATHAM,"(-35.221104, 149.038361)",0.6547603061316721,0.7666951057383529,0.012490242,0.37037037,1
190,190.0,4909.0,-35.221413,149.02774,SOUTHERN CROSS DR AFTER DALLEY CR,LATHAM,"(-35.221413, 149.02774)",0.6295412067659536,0.5720626598854277,0.012490242,0.37037037,1
191,191.0,4891.0,-35.219387,149.02127099999998,SOUTHERN CROSS DR AFTER FLOREY DR,LATHAM,"(-35.219387, 149.021271)",0.182176145059954,0.9504400140094769,0.012490242,0.37037037,1
192,192.0,5013.0,-35.217644,149.086655,BALDWIN DR BEFORE WILLIAM SLIM DR,LAWSON,"(-35.217644, 149.086655)",0.014624972202283378,0.8280510939713536,0.003903201,0.322580645,1
193,193.0,5014.0,-35.21751,149.090439,BALDWIN DR BEFORE GUM ST,LAWSON,"(-35.21751, 149.090439)",0.014359640047820471,0.8607918781964027,0.003903201,0.322580645,1
194,194.0,5012.0,-35.229893,149.094528,BALDWIN DR BEFORE MARIBYRNONG AV,LAWSON,"(-35.229893, 149.094528)",0.41452106615203743,0.8012519532636284,0.003903201,0.322580645,1
195,195.0,5048.0,-35.249371000000004,149.131622,GOODWIN ST AFTER OLIVER ST,LYNEHAM,"(-35.249371, 149.131622)",0.34072260023130485,0.23371809447753983,0.014051522,0.181818182,1
196,196.0,5049.0,-35.252434,149.131668,MURDOCH ST AFTER GOODWIN ST,LYNEHAM,"(-35.252434, 149.131668)",0.18815495849785271,0.35341889986648933,0.014051522,0.181818182,1
197,197.0,4752.0,-35.231068,149.14476000000002,FLEMINGTON RD OPP EXHIBITION PARK,LYNEHAM,"(-35.231068, 149.14476)",0.6165629966675213,2.5379189039467533,0.014051522,0.181818182,1
198,198.0,1901.0,-35.346191,149.074615,BURNIE ST BEFORE LAUNCESTON,LYONS,"(-35.346191, 149.074615)",0.4336925238383891,0.4828038577524612,0.006245121,0.434782609,1
199,199.0,2071.0,-35.339542,149.079971,LAUNCESTON ST AFTER GLENORCHY ST,LYONS,"(-35.339542, 149.079971)",0.014004996162390768,0.45228977274575727,0.006245121,0.434782609,1
200,200.0,2072.0,-35.3396,149.079834,LAUNCESTON ST AFTER BURNIE ST,LYONS,"(-35.3396, 149.079834)",0.014004996162390768,0.43849408731226863,0.006245121,0.434782609,1
201,201.0,403.0,-35.212666,149.004013,MACFARLANE BURNET AV BEFORE ECCLES CCT,MACGREGOR,"(-35.212666, 149.004013)",0.38351041230219657,1.0438427935614611,0.014441842,0.23255814,1
202,202.0,404.0,-35.216072,149.003357,MACFARLANE BURNET AV AFTER HALLOWS CCT,MACGREGOR,"(-35.216072, 149.003357)",0.034739097711963984,1.2301152490127911,0.014441842,0.23255814,1
203,203.0,401.0,-35.216084,149.002975,MACFARLANE BURNET AV AFTER DEGRUCHY PL,MACGREGOR,"(-35.216084, 149.002975)",0.034739097711963984,1.261412130660858,0.014441842,0.23255814,1
204,204.0,4509.0,-35.253646999999994,149.063065,BENNELONG CR AFTER GOULBURN ST,MACQUARIE,"(-35.253647, 149.063065)",0.07279372335714593,0.3473075185370757,0.007806401,0.588235294,1
205,205.0,4510.0,-35.254135,149.063599,LACHLAN ST AFTER BLACKMAN CR,MACQUARIE,"(-35.254135, 149.063599)",0.07279372335714593,0.3811826052894683,0.007806401,0.588235294,1
206,206.0,4515.0,-35.253155,149.069534,BOWMAN ST AFTER REDFERN ST,MACQUARIE,"(-35.253155, 149.069534)",0.33824764712023647,0.507692032600953,0.007806401,0.588235294,1
207,207.0,2479.0,-35.363194,149.096451,MAWSON DR AFTER HURLEY ST,MAWSON,"(-35.363194, 149.096451)",0.3782471682073692,0.2710995107960206,0.006635441,0.47619047600000003,1
208,208.0,2296.0,-35.356094,149.097687,AINSWORTH ST AFTER COLBECK ST,MAWSON,"(-35.356094, 149.097687)",0.055925736677953725,1.0333697566205007,0.006635441,0.47619047600000003,1
209,209.0,2297.0,-35.356544,149.09741200000002,AINSWORTH ST 2ND AFTER DU FAUR ST,MAWSON,"(-35.356544, 149.097412)",0.055925736677953725,0.9783335007668663,0.006635441,0.47619047600000003,1
210,210.0,5044.0,-35.211994,149.084564,OWEN DIXON DR MCKELLAR SOCCER CLUB,MCKELLAR,"(-35.211994, 149.084564)",0.23451720811666804,0.9824173704057395,0.008587041,0.588235294,1
211,211.0,4132.0,-35.21751,149.073715,DUMAS ST OPP MCKELLAR SHOPS,MCKELLAR,"(-35.21751, 149.073715)",0.3169300702924914,0.2177304703709868,0.008587041,0.588235294,1
212,212.0,4129.0,-35.214687,149.073242,DUMAS ST AFTER BAUME CR,MCKELLAR,"(-35.214687, 149.073242)",0.3169300702924914,0.4072736076082159,0.008587041,0.588235294,1
213,213.0,4839.0,-35.212406,149.047791,KINGSFORD SMITH DR BEFORE COMPANION CR,MELBA,"(-35.212406, 149.047791)",0.1585198295847406,0.735528705853663,0.013661201999999999,0.434782609,1
214,214.0,4931.0,-35.204399,149.06016499999998,ALPEN ST AFTER ALFRED HILL DR,MELBA,"(-35.204399, 149.060165)",0.015934470867015528,0.699021723008336,0.013661201999999999,0.434782609,1
215,215.0,2569.0,-35.213833,149.049149,CONLEY DR MELBA HS SSO,MELBA,"(-35.213833, 149.049149)",0.20105625456766263,0.7630314894768555,0.013661201999999999,0.434782609,1
216,216.0,4754.0,-35.221084999999995,149.1427,SANDFORD ST AFTER FLEMINGTON RD,MITCHELL,"(-35.221085, 149.1427)",0.1494396354158992,0.6678209108990066,0.005074161,0.135135135,1
217,217.0,4755.0,-35.22065,149.141144,SANDFORD & BROOKES ST,MITCHELL,"(-35.22065, 149.141144)",0.1494396354158992,0.5981946070572842,0.005074161,0.135135135,1
218,218.0,4934.0,-35.213928,149.13765,HOSKINS ST BEFORE DACRE ST,MITCHELL,"(-35.213928, 149.13765)",0.42148549804770374,0.32590765601954835,0.005074161,0.135135135,1
219,219.0,1087.0,-35.417179,149.100647,BARRACLOUGH CR AFTER COWDERY PL,MONASH,"(-35.417179, 149.100647)",0.024931951119594804,0.061936227419334494,0.014051522,0.294117647,1
220,220.0,1088.0,-35.417183,149.100372,BARRACLOUGH CR AFTER ASHLEY DR,MONASH,"(-35.417183, 149.100372)",0.024931951119594804,0.03938807694065411,0.014051522,0.294117647,1
221,221.0,1671.0,-35.42136,149.088593,CLIVE STEELE AV AFTER ISABELLA DR,MONASH,"(-35.42136, 149.088593)",0.48826380818295284,1.1420671234311162,0.014051522,0.294117647,1
222,222.0,5090.0,-35.334103000000006,149.135483,LA PEROUSE ST AFTER CALEY CR,NARRABUNDAH,"(-35.334103, 149.135483)",0.02230932339806123,1.6295195333552768,0.018345043000000002,0.243902439,1
223,223.0,2342.0,-35.337067,149.15600600000002,GOYDER ST BEFORE TALLARA PWY,NARRABUNDAH,"(-35.337067, 149.156006)",0.046079075960543954,0.5629207151341714,0.018345043000000002,0.243902439,1
224,224.0,2343.0,-35.337123999999996,149.156509,GOYDER ST 2ND AFTER KOOTARA CR,NARRABUNDAH,"(-35.337124, 149.156509)",0.046079075960543954,0.5895635792698196,0.018345043000000002,0.243902439,1
225,225.0,4808.0,-35.177467,149.12428300000002,MIRRABEI DR AFTER PAUL COE CR SOUTH ENTRY,NGUNNAWAL,"(-35.177467, 149.124283)",0.6906587300890635,1.386267539270486,0.023419204,0.23809523800000001,1
226,226.0,4847.0,-35.179146,149.114288,AMAGULA AV AFTER YIRAWALA ST,NGUNNAWAL,"(-35.179146, 149.114288)",0.2496509934675361,0.5937688000139213,0.023419204,0.23809523800000001,1
227,227.0,4845.0,-35.180862,149.112518,AMAGULA AV AFTER GUNGAHLIN DR,NGUNNAWAL,"(-35.180862, 149.112518)",0.2496509934675361,0.6369582514804883,0.023419204,0.23809523800000001,1
228,228.0,600.0,-35.192122999999995,149.08596799999998,O'HANLON PL AFTER GOLD CREEK RD,NICHOLLS,"(-35.192123, 149.085968)",0.009953220289567025,0.8743605276506344,0.018735363,0.149253731,1
229,229.0,601.0,-35.192142,149.086075,O'HANLON PL BEFORE GOLD CREEK RD,NICHOLLS,"(-35.192142, 149.086075)",0.009953220289567025,0.8699524310899043,0.018735363,0.149253731,1
230,230.0,5067.0,-35.186161,149.092804,TEMPERLEY ST AFTER 2ND SUE GEH CCT,NICHOLLS,"(-35.186161, 149.092804)",0.8647651446059864,0.0752507069968673,0.018735363,0.149253731,1
231,231.0,3377.0,-35.249699,149.121429,WATTLE ST AFTER CORREA ST,O'CONNOR,"(-35.249699, 149.121429)",0.32458123632153335,0.0,0.014051522,0.204081633,1
232,232.0,3378.0,-35.252174,149.123322,BRIGALOW ST BEFORE WATTLE ST,O'CONNOR,"(-35.252174, 149.123322)",0.013810567282098125,0.0,0.014051522,0.204081633,1
233,233.0,3379.0,-35.252171000000004,149.123474,BRIGALOW ST BEFORE WARATAH ST,O'CONNOR,"(-35.252171, 149.123474)",0.013810567282098125,0.0,0.014051522,0.204081633,1
234,234.0,2453.0,-35.349918,149.106155,TYAGARAH ST AFTER CULGOA CCT,O'MALLEY,"(-35.349918, 149.106155)",0.4644194603278278,0.0,0.004293521,0.384615385,1
235,235.0,2105.0,-35.359444,149.109039,NGUNAWAL DR AFTER COBBADAH ST,O'MALLEY,"(-35.359444, 149.109039)",0.25565404839787903,0.0,0.004293521,0.384615385,1
236,236.0,2103.0,-35.35743,149.107681,KAREELAH VST AFTER PINDARI CR,O'MALLEY,"(-35.35743, 149.107681)",0.25565404839787903,0.0,0.004293521,0.384615385,1
237,237.0,1394.0,-35.409718,149.082947,NEWMAN-MORRIS CCT AFTER 2ND NUNAN CR,OXLEY,"(-35.409718, 149.082947)",0.17834974927205866,9.223372036854776e+18,0.008196721,0.9259259259999999,1
238,238.0,1391.0,-35.411888,149.081741,NEWMAN-MORRIS CCT AFTER MCILVEEN PL,OXLEY,"(-35.411888, 149.081741)",0.011456672822665494,9.223372036854776e+18,0.008196721,0.9259259259999999,1
239,239.0,1392.0,-35.411784999999995,149.081741,NEWMAN-MORRIS CCT AFTER 2ND CUTHBERTSON CR,OXLEY,"(-35.411785, 149.081741)",0.011456672822665494,9.223372036854776e+18,0.008196721,0.9259259259999999,1
240,240.0,5021.0,-35.24353,149.054642,BELCONNEN WY AFTER PETTERD ST,PAGE,"(-35.24353, 149.054642)",0.1815634532514115,13658.04665151866,0.005464481,0.7692307690000001,1
241,241.0,5029.0,-35.232513,149.04998799999998,SOUTHERN CROSS BEFORE CHEWINGS ST,PAGE,"(-35.232513, 149.049988)",0.06745027290732805,13657.834991006179,0.005464481,0.7692307690000001,1
242,242.0,4826.0,-35.241596,149.043381,BELCONNEN WY AFTER CHEWINGS ST,PAGE,"(-35.241596, 149.043381)",0.029732468960959497,13658.843853653982,0.005464481,0.7692307690000001,1
243,243.0,5053.0,-35.193871,149.110733,GUNDAROO DR BEFORE BURROWA ST,PALMERSTON,"(-35.193871, 149.110733)",0.011125169558260173,0.3069710749385168,0.009758002,0.526315789,1
244,244.0,5054.0,-35.193863,149.11085500000002,GUNDAROO DR AFTER BURROWA ST,PALMERSTON,"(-35.193863, 149.110855)",0.011125169558260173,0.2964912932262203,0.009758002,0.526315789,1
245,245.0,4829.0,-35.197781,149.11882,KOSCUISZKO AV PALMERSTON SHOPS,PALMERSTON,"(-35.197781, 149.11882)",0.4583817034417685,0.5652495519718809,0.009758002,0.526315789,1
246,246.0,8888.0,-35.288395,149.127823,COMMONWEALTH AV REGETTA POINT,PARKES,"(-35.288395, 149.127823)",0.05703826256804439,1.3843588247406031,0.004293521,0.330033003,1
247,247.0,3259.0,-35.298038,149.128983,KING EDWARD TCE TREASURY BUILDING,PARKES,"(-35.298038, 149.128983)",0.48902067297332547,0.45118279829479246,0.004293521,0.330033003,1
248,248.0,3260.0,-35.301186,149.133881,PARKES PL JOHN GORTON BUILDING,PARKES,"(-35.301186, 149.133881)",0.46114874176151427,0.14098659879708575,0.004293521,0.330033003,1
249,249.0,2398.0,-35.363155,149.081329,MACFARLAND CR OPP PEARCE SHOPS,PEARCE,"(-35.363155, 149.081329)",0.4717251436781048,0.3569143168364456,0.006245121,0.588235294,1
250,250.0,2610.0,-35.363341999999996,149.092285,ATHLLON DR OPP SOUTHLANDS SHOPS,PEARCE,"(-35.363342, 149.092285)",0.3782471682073692,0.6774609145622872,0.006245121,0.588235294,1
251,251.0,2082.0,-35.357918,149.086716,HODGSON CR AFTER COLLINGS ST,PEARCE,"(-35.357918, 149.086716)",0.2918286059516501,0.4799821140299431,0.006245121,0.588235294,1
252,252.0,2300.0,-35.350578000000006,149.093414,AINSWORTH ST AFTER ALSOP CL,PHILLIP,"(-35.350578, 149.093414)",0.08889849054007852,0.3112135092865239,0.016783763,0.384615385,1
253,253.0,2301.0,-35.349841999999995,149.093796,AINSWORTH ST AFTER HINDMARSH DR,PHILLIP,"(-35.349842, 149.093796)",0.08889849054007852,0.3222195109792167,0.016783763,0.384615385,1
254,254.0,1376.0,-35.348743,149.08783,HINDMARSH DR AFTER BALL ST,PHILLIP,"(-35.348743, 149.08783)",0.4904306868203615,0.2353813538337844,0.016783763,0.384615385,1
255,255.0,2332.0,-35.342953,149.138489,DALRYMPLE ST AFTER HINDMARSH DR,RED HILL,"(-35.342953, 149.138489)",0.3164315398803916,1.6317842643957785,0.006635441,0.20533880899999998,1
256,256.0,3272.0,-35.331577,149.128815,GOLDEN GR BEFORE MONARO CR,RED HILL,"(-35.331577, 149.128815)",0.04211453402948543,0.4911843708491894,0.006635441,0.20533880899999998,1
257,257.0,3273.0,-35.331882,149.12854,GOLDEN GR OPP SBG SCHOOL,RED HILL,"(-35.331882, 149.12854)",0.04211453402948543,0.4520631098173737,0.006635441,0.20533880899999998,1
258,258.0,3097.0,-35.282013,149.142563,EUREE ST AFTER ELIMATTA ST,REID,"(-35.282013, 149.142563)",0.015828988367216298,0.16785643639601347,0.005464481,0.28571428600000004,1
259,259.0,3094.0,-35.282051,149.142395,EUREE ST BEFORE ELIMATTA ST,REID,"(-35.282051, 149.142395)",0.015828988367216298,0.1571724000787319,0.005464481,0.28571428600000004,1
260,260.0,3095.0,-35.284328,149.143967,CURRONG ST BEFORE ANZAC PARK WEST,REID,"(-35.284328, 149.143967)",0.24762237867961553,0.2363470164427682,0.005464481,0.28571428600000004,1
261,261.0,1493.0,-35.426308,149.112473,CLIFT CR AFTER HEAGNEY CR,RICHARDSON,"(-35.426308, 149.112473)",0.17783002748861035,0.41303928626896574,0.010148322,0.454545455,1
262,262.0,1494.0,-35.425385,149.114075,HEAGNEY CR AFTER CLIFT CR,RICHARDSON,"(-35.425385, 149.114075)",0.17783002748861035,0.5278131548146876,0.010148322,0.454545455,1
263,263.0,1491.0,-35.427624,149.109787,CLIFT CR AFTER ROHAN ST,RICHARDSON,"(-35.427624, 149.109787)",0.28406685753375277,0.38011069814037113,0.010148322,0.454545455,1
264,264.0,2298.0,-35.350685,149.042145,STREETON DR 2ND AFTER DARWINIA TCE,RIVETT,"(-35.350685, 149.042145)",0.20849682448037524,0.48021426334724615,0.007416081,0.625,1
265,265.0,2299.0,-35.352505,149.041595,STREETON DR NORTH OF DARWINIA TCE,RIVETT,"(-35.352505, 149.041595)",0.1760346825857025,0.5978825667830395,0.007416081,0.625,1
266,266.0,2429.0,-35.34903,149.036453,BANGALAY CR AFTER CASUARINA ST,RIVETT,"(-35.34903, 149.036453)",0.5482251904383151,0.18117349503607824,0.007416081,0.625,1
267,267.0,3072.0,-35.298778999999996,149.15086399999998,RUSSELL DR BEFORE KINGS AV CARPARK,RUSSELL,"(-35.298779, 149.150864)",0.022571158444808014,0.2109255081812,0.00234192,0.9090909090000001,1
268,268.0,3073.0,-35.29874,149.151108,RUSSELL DR AFTER VIVIAN BULLWINKEL ST,RUSSELL,"(-35.29874, 149.151108)",0.022571158444808014,0.2135063349028386,0.00234192,0.9090909090000001,1
269,269.0,3070.0,-35.300713,149.15094,RUSSELL DR AFTER KELLIHER DR,RUSSELL,"(-35.300713, 149.15094)",0.21522910376471183,0.42351078906162165,0.00234192,0.9090909090000001,1
270,270.0,5024.0,-35.230408000000004,149.04650900000001,SOUTHERN CROSS DR AFTER LUXTON ST,SCULLIN,"(-35.230408, 149.046509)",0.2192145276152145,0.8843313608042548,0.006245121,0.7142857140000001,1
271,271.0,5022.0,-35.231949,149.034454,KINGSFORD SMITH DR AFTER WIRRAWAY CR,SCULLIN,"(-35.231949, 149.034454)",0.35854793258746437,0.46833321423754165,0.006245121,0.7142857140000001,1
272,272.0,4825.0,-35.240807000000004,149.038712,BELCONNEN WY 2ND AFTER MACKINOLTY ST,SCULLIN,"(-35.240807, 149.038712)",0.43313814550524743,0.6777087656744927,0.006245121,0.7142857140000001,1
273,273.0,4807.0,-35.200703000000004,149.06858799999998,COPLAND DR SPENCE TERMINUS,SPENCE,"(-35.200703, 149.068588)",0.5031685363774194,0.3622457554923229,0.009758002,0.666666667,1
274,274.0,4940.0,-35.204258,149.060196,ALPEN ST AFTER KINGSFORD SMITH DR,SPENCE,"(-35.204258, 149.060196)",0.015934470867015528,0.7549766397656418,0.009758002,0.666666667,1
275,275.0,4093.0,-35.194771,149.063766,CLAREY CR AFTER CLARK CL,SPENCE,"(-35.194771, 149.063766)",0.3966694361652703,0.47821792418590503,0.009758002,0.666666667,1
276,276.0,201.0,-35.347042,149.047943,FREMANTLE DR AFTER MCKAIL CR,STIRLING,"(-35.347042, 149.047943)",0.33234191314658496,0.2868084657970196,0.007416081,0.7692307690000001,1
277,277.0,2428.0,-35.353851,149.04689,FREMANTLE DR BEFORE CROWDER CCT,STIRLING,"(-35.353851, 149.04689)",0.24575492675760208,0.6088897036904791,0.007416081,0.7692307690000001,1
278,278.0,2426.0,-35.352509000000005,149.049042,FREMANTLE DR AFTER CROWDER CCT,STIRLING,"(-35.352509, 149.049042)",0.24575492675760208,0.3998649648986194,0.007416081,0.7692307690000001,1
279,279.0,4965.0,-35.344452000000004,149.155685,JERRABOMBERRA AV AGSO,SYMONSTON,"(-35.344452, 149.155685)",0.08777212243408868,2.01599663671321,0.003903201,0.10101010099999999,1
280,280.0,4963.0,-35.348704999999995,149.155899,NARRABUNDAH LANE SUNDOWN MOTEL RESORT,SYMONSTON,"(-35.348705, 149.155899)",0.17779123842903555,2.001628954612453,0.003903201,0.10101010099999999,1
281,281.0,4964.0,-35.343983,149.154907,JERRABOMBERRA AV OPP AGSO,SYMONSTON,"(-35.343983, 149.154907)",0.08777212243408868,2.0922293308529856,0.003903201,0.10101010099999999,1
282,282.0,1033.0,-35.447277,149.124619,LAWRENCE WACKETT CR OPP THEODORE PRIMARY SCHOOL,THEODORE,"(-35.447277, 149.124619)",0.014672059631486913,0.27657807173618304,0.006245121,0.322580645,1
283,283.0,1034.0,-35.447346,149.124481,LAWRENCE WACKETT CR THEODORE PS,THEODORE,"(-35.447346, 149.124481)",0.014672059631486913,0.27010319434911545,0.006245121,0.322580645,1
284,284.0,1037.0,-35.450821000000005,149.120102,CHIPPINDALL CCT AFTER LOUIS LODER ST,THEODORE,"(-35.450821, 149.120102)",0.39039631401499925,0.5631429583158217,0.006245121,0.322580645,1
285,285.0,2652.0,-35.371284,149.092667,ATHLLON DR AFTER BEASLEY ST,TORRENS,"(-35.371284, 149.092667)",0.14996435348193868,0.5210596784745386,0.005854801,0.7692307690000001,1
286,286.0,2653.0,-35.375782,149.09321599999998,ATHLLON DR 2ND AFTER BEASLEY ST,TORRENS,"(-35.375782, 149.093216)",0.3264642626571225,0.6381048066552669,0.005854801,0.7692307690000001,1
287,287.0,2673.0,-35.372593,149.093063,ATHLLON DR AFTER BEASLEY ST,TORRENS,"(-35.372593, 149.093063)",0.14996435348193868,0.5301620481120697,0.005854801,0.7692307690000001,1
288,288.0,3431.0,-35.272812,149.12236000000001,MCCAUGHEY ST AFTER BARRY DR,TURNER,"(-35.272812, 149.12236)",0.38273720778829295,0.49525255278869956,0.007416081,0.666666667,1
289,289.0,4566.0,-35.274609000000005,149.129517,NORTHBOURNE AV CANBERRA CENTRE APARTMENTS,TURNER,"(-35.274609, 149.129517)",0.44957808902213153,0.8253093959315878,0.007416081,0.666666667,1
290,290.0,4527.0,-35.272488,149.11816399999998,BARRY DR AFTER CLUNIES ROSS ST,TURNER,"(-35.272488, 149.118164)",0.38273720778829295,0.6950884101412039,0.007416081,0.666666667,1
291,291.0,1521.0,-35.396854,149.104095,LONGMORE CR AFTER HARKER PL,WANNIASSA,"(-35.396854, 149.104095)",0.05080032648884818,0.9296274184261302,0.036690086000000004,0.185185185,1
292,292.0,1522.0,-35.397308,149.10415600000002,LONGMORE CR 4TH AFTER GAUNSON ST,WANNIASSA,"(-35.397308, 149.104156)",0.05080032648884818,0.8966639033871144,0.036690086000000004,0.185185185,1
293,293.0,1519.0,-35.398785,149.102921,LONGMORE CR AFTER PETIT PL,WANNIASSA,"(-35.398785, 149.102921)",0.19881810524558985,0.70190178574978,0.036690086000000004,0.185185185,1
294,294.0,2415.0,-35.352478000000005,149.060608,NEMERANG CR WARAMANGA SHOPS,WARAMANGA,"(-35.352478, 149.060608)",0.29082863404508846,0.2246348098675736,0.007416081,0.588235294,1
295,295.0,2418.0,-35.355404,149.060379,NEMARANG CR AFTER DALABON CR,WARAMANGA,"(-35.355404, 149.060379)",0.23650305107773048,0.35782169884825316,0.007416081,0.588235294,1
296,296.0,2419.0,-35.357395000000004,149.059464,YAMBINA CR AFTER BADIMARA ST,WARAMANGA,"(-35.357395, 149.059464)",0.23650305107773048,0.5847015176534883,0.007416081,0.588235294,1
297,297.0,3248.0,-35.23798,149.153641,KNOX ST 2ND AFTER DICKINSON ST,WATSON,"(-35.23798, 149.153641)",0.40439591135314484,0.04821432995795911,0.007025761,0.27027027,1
298,298.0,3250.0,-35.234707,149.151703,KNOX ST AFTER PIDDINGTON ST,WATSON,"(-35.234707, 149.151703)",0.2785134679245489,0.4296461754891677,0.007025761,0.27027027,1
299,299.0,3252.0,-35.232521000000006,149.153198,KNOX ST OPP OLD WATSON TERMINUS,WATSON,"(-35.232521, 149.153198)",0.2785134679245489,0.6465841264797865,0.007025761,0.27027027,1
300,300.0,4893.0,-35.243342999999996,149.048126,BELCONNEN WY BEFORE SPRINGVALE DR,WEETANGERA,"(-35.243343, 149.048126)",0.2770940165633343,0.7447011558367717,0.006245121,0.625,1
301,301.0,4440.0,-35.251377000000005,149.049179,SHUMACK ST OPPOSITE WEETANGERA PRIMARY,WEETANGERA,"(-35.251377, 149.049179)",0.34425161571341695,0.15402407885833763,0.006245121,0.625,1
302,302.0,4437.0,-35.253723,149.051651,SHUMACK ST AFTER COULTER DR,WEETANGERA,"(-35.253723, 149.051651)",0.34425161571341695,0.4790298225100008,0.006245121,0.625,1
303,303.0,1246.0,-35.340843,149.052338,BRIERLY ST COOLEMAN CT PLT1,WESTON,"(-35.340843, 149.052338)",0.18753906275004686,0.6821934277107646,0.014441842,0.322580645,1
304,304.0,1247.0,-35.340981,149.050278,STREETON DR BEFORE HINDMARSH DR,WESTON,"(-35.340981, 149.050278)",0.18753906275004686,0.8580415927487626,0.014441842,0.322580645,1
305,305.0,1809.0,-35.322590000000005,149.057617,OPP NORTH WESTON PARK & RIDE,WESTON,"(-35.32259, 149.057617)",0.501330145317142,1.7186400481660236,0.014441842,0.322580645,1
306,306.0,2811.0,-35.32478,149.043381,JOHN GORTON DR AFTER COTTER RD,WRIGHT,"(-35.32478, 149.043381)",0.13203156548730277,1.2792476052585569,0.0019515999999999997,0.7692307690000001,1
307,307.0,2806.0,-35.320232,149.036819,STEVE IRWIN AVE AFTER JOHN GORTON DR,WRIGHT,"(-35.320232, 149.036819)",0.09202030175727455,0.4993709123518531,0.0019515999999999997,0.7692307690000001,1
308,308.0,2809.0,-35.319416,149.036652,JOHN GORTON DR AFTER STEVE IRWIN AVE,WRIGHT,"(-35.319416, 149.036652)",0.09202030175727455,0.4267029762189798,0.0019515999999999997,0.7692307690000001,1
309,309.0,2448.0,-35.312031,149.098297,NOVAR ST BEFORE KINTORE CR,YARRALUMLA,"(-35.312031, 149.098297)",0.2092277461457388,0.7720351499815674,0.006635441,0.113507378,1
310,310.0,2449.0,-35.31015,149.098282,NOVAR ST AFTER WESTON ST,YARRALUMLA,"(-35.31015, 149.098282)",0.2092277461457388,0.5628483513165362,0.006635441,0.113507378,1
311,311.0,2452.0,-35.303771999999995,149.099091,SCHLICH ST AFTER NOVAR ST,YARRALUMLA,"(-35.303772, 149.099091)",0.5590976783740097,0.17228478349143952,0.006635441,0.113507378,1
312,,,,,,ACTON,,9.223372036854776e+18,9.223372036854776e+18,,,0
313,,,,,,ACTON,,9.223372036854776e+18,9.223372036854776e+18,,,0
314,,,,,,ACTON,,9.223372036854776e+18,9.223372036854776e+18,,,0
315,,,,,,AINSLIE,,9.223372036854776e+18,9.223372036854776e+18,,,0
316,,,,,,AINSLIE,,9.223372036854776e+18,9.223372036854776e+18,,,0
317,,,,,,AINSLIE,,9.223372036854776e+18,9.223372036854776e+18,,,0
318,,,,,,AMAROO,,9.223372036854776e+18,9.223372036854776e+18,,,0
319,,,,,,AMAROO,,9.223372036854776e+18,9.223372036854776e+18,,,0
320,,,,,,AMAROO,,9.223372036854776e+18,9.223372036854776e+18,,,0
321,,,,,,ARANDA,,9.223372036854776e+18,9.223372036854776e+18,,,0
322,,,,,,ARANDA,,9.223372036854776e+18,9.223372036854776e+18,,,0
323,,,,,,ARANDA,,9.223372036854776e+18,9.223372036854776e+18,,,0
324,,,,,,BANKS,,9.223372036854776e+18,9.223372036854776e+18,,,0
325,,,,,,BANKS,,9.223372036854776e+18,9.223372036854776e+18,,,0
326,,,,,,BANKS,,9.223372036854776e+18,9.223372036854776e+18,,,0
327,,,,,,BARTON,,9.223372036854776e+18,9.223372036854776e+18,,,0
328,,,,,,BARTON,,9.223372036854776e+18,9.223372036854776e+18,,,0
329,,,,,,BARTON,,9.223372036854776e+18,9.223372036854776e+18,,,0
330,,,,,,BELCONNEN,,9.223372036854776e+18,9.223372036854776e+18,,,0
331,,,,,,BELCONNEN,,9.223372036854776e+18,9.223372036854776e+18,,,0
332,,,,,,BELCONNEN,,9.223372036854776e+18,9.223372036854776e+18,,,0
333,,,,,,BONNER,,9.223372036854776e+18,9.223372036854776e+18,,,0
334,,,,,,BONNER,,9.223372036854776e+18,9.223372036854776e+18,,,0
335,,,,,,BONNER,,9.223372036854776e+18,9.223372036854776e+18,,,0
336,,,,,,BONYTHON,,9.223372036854776e+18,9.223372036854776e+18,,,0
337,,,,,,BONYTHON,,9.223372036854776e+18,9.223372036854776e+18,,,0
338,,,,,,BONYTHON,,9.223372036854776e+18,9.223372036854776e+18,,,0
339,,,,,,BRADDON,,9.223372036854776e+18,9.223372036854776e+18,,,0
340,,,,,,BRADDON,,9.223372036854776e+18,9.223372036854776e+18,,,0
341,,,,,,BRADDON,,9.223372036854776e+18,9.223372036854776e+18,,,0
342,,,,,,BRUCE,,9.223372036854776e+18,9.223372036854776e+18,,,0
343,,,,,,BRUCE,,9.223372036854776e+18,9.223372036854776e+18,,,0
344,,,,,,BRUCE,,9.223372036854776e+18,9.223372036854776e+18,,,0
345,,,,,,CALWELL,,9.223372036854776e+18,9.223372036854776e+18,,,0
346,,,,,,CALWELL,,9.223372036854776e+18,9.223372036854776e+18,,,0
347,,,,,,CALWELL,,9.223372036854776e+18,9.223372036854776e+18,,,0
348,,,,,,CAMPBELL,,9.223372036854776e+18,9.223372036854776e+18,,,0
349,,,,,,CAMPBELL,,9.223372036854776e+18,9.223372036854776e+18,,,0
350,,,,,,CAMPBELL,,9.223372036854776e+18,9.223372036854776e+18,,,0
351,,,,,,CANBERRA AIRPORT,,9.223372036854776e+18,0.0,,,0
352,,,,,,CANBERRA AIRPORT,,9.223372036854776e+18,0.0,,,0
353,,,,,,CANBERRA AIRPORT,,9.223372036854776e+18,0.0,,,0
354,,,,,,CAPITAL HILL,,9.223372036854776e+18,9.223372036854776e+18,,,0
355,,,,,,CAPITAL HILL,,9.223372036854776e+18,9.223372036854776e+18,,,0
356,,,,,,CAPITAL HILL,,9.223372036854776e+18,9.223372036854776e+18,,,0
357,,,,,,CASEY,,9.223372036854776e+18,9.223372036854776e+18,,,0
358,,,,,,CASEY,,9.223372036854776e+18,9.223372036854776e+18,,,0
359,,,,,,CASEY,,9.223372036854776e+18,9.223372036854776e+18,,,0
360,,,,,,CHAPMAN,,9.223372036854776e+18,9.223372036854776e+18,,,0
361,,,,,,CHAPMAN,,9.223372036854776e+18,9.223372036854776e+18,,,0
362,,,,,,CHAPMAN,,9.223372036854776e+18,9.223372036854776e+18,,,0
363,,,,,,CHARNWOOD,,9.223372036854776e+18,9.223372036854776e+18,,,0
364,,,,,,CHARNWOOD,,9.223372036854776e+18,9.223372036854776e+18,,,0
365,,,,,,CHARNWOOD,,9.223372036854776e+18,9.223372036854776e+18,,,0
366,,,,,,CHIFLEY,,9.223372036854776e+18,9.223372036854776e+18,,,0
367,,,,,,CHIFLEY,,9.223372036854776e+18,9.223372036854776e+18,,,0
368,,,,,,CHIFLEY,,9.223372036854776e+18,9.223372036854776e+18,,,0
369,,,,,,CHISHOLM,,9.223372036854776e+18,9.223372036854776e+18,,,0
370,,,,,,CHISHOLM,,9.223372036854776e+18,9.223372036854776e+18,,,0
371,,,,,,CHISHOLM,,9.223372036854776e+18,9.223372036854776e+18,,,0
372,,,,,,CITY,,9.223372036854776e+18,9.223372036854776e+18,,,0
373,,,,,,CITY,,9.223372036854776e+18,9.223372036854776e+18,,,0
374,,,,,,CITY,,9.223372036854776e+18,9.223372036854776e+18,,,0
375,,,,,,CONDER,,9.223372036854776e+18,9.223372036854776e+18,,,0
376,,,,,,CONDER,,9.223372036854776e+18,9.223372036854776e+18,,,0
377,,,,,,CONDER,,9.223372036854776e+18,9.223372036854776e+18,,,0
378,,,,,,COOK,,9.223372036854776e+18,9.223372036854776e+18,,,0
379,,,,,,COOK,,9.223372036854776e+18,9.223372036854776e+18,,,0
380,,,,,,COOK,,9.223372036854776e+18,9.223372036854776e+18,,,0
381,,,,,,COOMBS,,9.223372036854776e+18,9.223372036854776e+18,,,0
382,,,,,,COOMBS,,9.223372036854776e+18,9.223372036854776e+18,,,0
383,,,,,,COOMBS,,9.223372036854776e+18,9.223372036854776e+18,,,0
384,,,,,,CRACE,,9.223372036854776e+18,9.223372036854776e+18,,,0
385,,,,,,CRACE,,9.223372036854776e+18,9.223372036854776e+18,,,0
386,,,,,,CRACE,,9.223372036854776e+18,9.223372036854776e+18,,,0
387,,,,,,CURTIN,,9.223372036854776e+18,9.223372036854776e+18,,,0
388,,,,,,CURTIN,,9.223372036854776e+18,9.223372036854776e+18,,,0
389,,,,,,CURTIN,,9.223372036854776e+18,9.223372036854776e+18,,,0
390,,,,,,DEAKIN,,9.223372036854776e+18,9.223372036854776e+18,,,0
391,,,,,,DEAKIN,,9.223372036854776e+18,9.223372036854776e+18,,,0
392,,,,,,DEAKIN,,9.223372036854776e+18,9.223372036854776e+18,,,0
393,,,,,,DICKSON,,9.223372036854776e+18,9.223372036854776e+18,,,0
394,,,,,,DICKSON,,9.223372036854776e+18,9.223372036854776e+18,,,0
395,,,,,,DICKSON,,9.223372036854776e+18,9.223372036854776e+18,,,0
396,,,,,,DOWNER,,9.223372036854776e+18,9.223372036854776e+18,,,0
397,,,,,,DOWNER,,9.223372036854776e+18,9.223372036854776e+18,,,0
398,,,,,,DOWNER,,9.223372036854776e+18,9.223372036854776e+18,,,0
399,,,,,,DUFFY,,9.223372036854776e+18,9.223372036854776e+18,,,0
400,,,,,,DUFFY,,9.223372036854776e+18,9.223372036854776e+18,,,0
401,,,,,,DUFFY,,9.223372036854776e+18,9.223372036854776e+18,,,0
402,,,,,,DUNLOP,,9.223372036854776e+18,9.223372036854776e+18,,,0
403,,,,,,DUNLOP,,9.223372036854776e+18,9.223372036854776e+18,,,0
404,,,,,,DUNLOP,,9.223372036854776e+18,9.223372036854776e+18,,,0
405,,,,,,EVATT,,9.223372036854776e+18,9.223372036854776e+18,,,0
406,,,,,,EVATT,,9.223372036854776e+18,9.223372036854776e+18,,,0
407,,,,,,EVATT,,9.223372036854776e+18,9.223372036854776e+18,,,0
408,,,,,,FADDEN,,9.223372036854776e+18,9.223372036854776e+18,,,0
409,,,,,,FADDEN,,9.223372036854776e+18,9.223372036854776e+18,,,0
410,,,,,,FADDEN,,9.223372036854776e+18,9.223372036854776e+18,,,0
411,,,,,,FARRER,,9.223372036854776e+18,9.223372036854776e+18,,,0
412,,,,,,FARRER,,9.223372036854776e+18,9.223372036854776e+18,,,0
413,,,,,,FARRER,,9.223372036854776e+18,9.223372036854776e+18,,,0
414,,,,,,FISHER,,9.223372036854776e+18,9.223372036854776e+18,,,0
415,,,,,,FISHER,,9.223372036854776e+18,9.223372036854776e+18,,,0
416,,,,,,FISHER,,9.223372036854776e+18,9.223372036854776e+18,,,0
417,,,,,,FLOREY,,9.223372036854776e+18,9.223372036854776e+18,,,0
418,,,,,,FLOREY,,9.223372036854776e+18,9.223372036854776e+18,,,0
419,,,,,,FLOREY,,9.223372036854776e+18,9.223372036854776e+18,,,0
420,,,,,,FLYNN,,9.223372036854776e+18,9.223372036854776e+18,,,0
421,,,,,,FLYNN,,9.223372036854776e+18,9.223372036854776e+18,,,0
422,,,,,,FLYNN,,9.223372036854776e+18,9.223372036854776e+18,,,0
423,,,,,,FORDE,,9.223372036854776e+18,9.223372036854776e+18,,,0
424,,,,,,FORDE,,9.223372036854776e+18,9.223372036854776e+18,,,0
425,,,,,,FORDE,,9.223372036854776e+18,9.223372036854776e+18,,,0
426,,,,,,FORREST,,9.223372036854776e+18,9.223372036854776e+18,,,0
427,,,,,,FORREST,,9.223372036854776e+18,9.223372036854776e+18,,,0
428,,,,,,FORREST,,9.223372036854776e+18,9.223372036854776e+18,,,0
429,,,,,,FRANKLIN,,9.223372036854776e+18,9.223372036854776e+18,,,0
430,,,,,,FRANKLIN,,9.223372036854776e+18,9.223372036854776e+18,,,0
431,,,,,,FRANKLIN,,9.223372036854776e+18,9.223372036854776e+18,,,0
432,,,,,,FRASER,,9.223372036854776e+18,9.223372036854776e+18,,,0
433,,,,,,FRASER,,9.223372036854776e+18,9.223372036854776e+18,,,0
434,,,,,,FRASER,,9.223372036854776e+18,9.223372036854776e+18,,,0
435,,,,,,FYSHWICK,,9.223372036854776e+18,9.223372036854776e+18,,,0
436,,,,,,FYSHWICK,,9.223372036854776e+18,9.223372036854776e+18,,,0
437,,,,,,FYSHWICK,,9.223372036854776e+18,9.223372036854776e+18,,,0
438,,,,,,GARRAN,,9.223372036854776e+18,9.223372036854776e+18,,,0
439,,,,,,GARRAN,,9.223372036854776e+18,9.223372036854776e+18,,,0
440,,,,,,GARRAN,,9.223372036854776e+18,9.223372036854776e+18,,,0
441,,,,,,GILMORE,,9.223372036854776e+18,9.223372036854776e+18,,,0
442,,,,,,GILMORE,,9.223372036854776e+18,9.223372036854776e+18,,,0
443,,,,,,GILMORE,,9.223372036854776e+18,9.223372036854776e+18,,,0
444,,,,,,GIRALANG,,9.223372036854776e+18,9.223372036854776e+18,,,0
445,,,,,,GIRALANG,,9.223372036854776e+18,9.223372036854776e+18,,,0
446,,,,,,GIRALANG,,9.223372036854776e+18,9.223372036854776e+18,,,0
447,,,,,,GORDON,,9.223372036854776e+18,9.223372036854776e+18,,,0
448,,,,,,GORDON,,9.223372036854776e+18,9.223372036854776e+18,,,0
449,,,,,,GORDON,,9.223372036854776e+18,9.223372036854776e+18,,,0
450,,,,,,GOWRIE,,9.223372036854776e+18,9.223372036854776e+18,,,0
451,,,,,,GOWRIE,,9.223372036854776e+18,9.223372036854776e+18,,,0
452,,,,,,GOWRIE,,9.223372036854776e+18,9.223372036854776e+18,,,0
453,,,,,,GREENWAY,,9.223372036854776e+18,9.223372036854776e+18,,,0
454,,,,,,GREENWAY,,9.223372036854776e+18,9.223372036854776e+18,,,0
455,,,,,,GREENWAY,,9.223372036854776e+18,9.223372036854776e+18,,,0
456,,,,,,GRIFFITH,,9.223372036854776e+18,9.223372036854776e+18,,,0
457,,,,,,GRIFFITH,,9.223372036854776e+18,9.223372036854776e+18,,,0
458,,,,,,GRIFFITH,,9.223372036854776e+18,9.223372036854776e+18,,,0
459,,,,,,GUNGAHLIN,,9.223372036854776e+18,9.223372036854776e+18,,,0
460,,,,,,GUNGAHLIN,,9.223372036854776e+18,9.223372036854776e+18,,,0
461,,,,,,GUNGAHLIN,,9.223372036854776e+18,9.223372036854776e+18,,,0
462,,,,,,HACKETT,,9.223372036854776e+18,9.223372036854776e+18,,,0
463,,,,,,HACKETT,,9.223372036854776e+18,9.223372036854776e+18,,,0
464,,,,,,HACKETT,,9.223372036854776e+18,9.223372036854776e+18,,,0
465,,,,,,HARRISON,,9.223372036854776e+18,9.223372036854776e+18,,,0
466,,,,,,HARRISON,,9.223372036854776e+18,9.223372036854776e+18,,,0
467,,,,,,HARRISON,,9.223372036854776e+18,9.223372036854776e+18,,,0
468,,,-35.248073600000005,149.036093,,HAWKER,,0.05706163201286117,0.4850914975894679,,,0
469,,,-35.248003600000004,149.0354707,,HAWKER,,0.05706163201286117,0.5010981646708709,,,0
470,,,-35.2449281,149.0348592,,HAWKER,,0.346567934015265,0.30341533241030877,,,0
471,,,-35.232001700000005,149.0221008,,HIGGINS,,0.14911345918711758,0.46593112180557805,,,0
472,,,-35.2326196,149.0298043,,HIGGINS,,0.3068785455650706,0.2387456700740214,,,0
473,,,-35.235572600000005,149.02177930000002,,HIGGINS,,0.3982631827729049,0.6192019715307439,,,0
474,,,-35.333151,149.04356,,HOLDER,,0.3693317643360282,0.34277571811820945,,,0
475,,,-35.338770000000004,149.04699399999998,,HOLDER,,0.34853623864388744,0.35730257918693625,,,0
476,,,-35.338735,149.050835,,HOLDER,,0.25488294339306694,0.6106251484836224,,,0
477,,,-35.227795,149.01069099999998,,HOLT,,0.5468948144298296,0.580132893573144,,,0
478,,,-35.220696000000004,149.008868,,HOLT,,0.3165716456784464,0.6987878154457497,,,0
479,,,-35.223781,149.007215,,HOLT,,0.2337117825170861,0.7338938473363148,,,0
480,,,-35.331542999999996,149.089259,,HUGHES,,0.005912615337716377,0.45972317032204435,,,0
481,,,-35.32813,149.088777,,HUGHES,,0.06052913622596822,0.7197667669264075,,,0
482,,,-35.336926,149.093969,,HUGHES,,0.6718646240098082,0.4366973849026043,,,0
483,,,-35.392213,149.165317,,HUME,,0.09472153474340751,0.7187071872326465,,,0
484,,,-35.380947,149.178277,,HUME,,1.1356074898572932,1.0083116999095652,,,0
485,,,-35.400574,149.156584,,HUME,,1.1268579790547213,1.9389201941082401,,,0
486,,,-35.360966,149.111554,,ISAACS,,0.28408983711368613,0.726929818918013,,,0
487,,,-35.369365,149.113893,,ISAACS,,0.232275926949623,0.3075961298803412,,,0
488,,,-35.38107,149.117862,,ISAACS,,1.3507911915049458,1.619539343733219,,,0
489,,,-35.422103,149.093902,,ISABELLA PLAINS,,0.48826380818295284,0.6634293550722423,,,0
490,,,-35.430356,149.095319,,ISABELLA PLAINS,,0.47739521750374075,0.263647565987108,,,0
491,,,-35.432472,149.101305,,ISABELLA PLAINS,,0.41888225843798,0.7576066633838682,,,0
492,,,-35.22915,149.104501,,KALEEN,,0.5162604894929013,0.9166981852457592,,,0
493,,,-35.214215,149.1095,,KALEEN,,1.1173586762983727,0.8189743100596857,,,0
494,,,-35.222015999999996,149.117247,,KALEEN,,1.1173586762983727,1.028208338207699,,,0
495,,,35.373459000000004,149.041424,,KAMBAH,,2.2739630363588748,7871.502553772556,,,0
496,,,35.393333,149.047303,,KAMBAH,,2.2739630363588748,7873.712940544478,,,0
497,,,-35.385199,149.080434,,KAMBAH,,0.4139426982950612,1.4855333504579622,,,0
498,,,-35.317994,149.14316100000002,,KINGSTON,,0.19530680800813238,0.2861367084460677,,,0
499,,,-35.316121,149.150672,,KINGSTON,,0.6990593955069506,0.5937361245682968,,,0
500,,,-35.311464,149.1455,,KINGSTON,,0.2746874430623175,0.4709584627410395,,,0
501,,,-35.214634999999994,149.028353,,LATHAM,,0.6635998427563472,0.3986434547390689,,,0
502,,,-35.215687,149.035541,,LATHAM,,0.6547603061316721,0.41413594262196146,,,0
503,,,-35.217887,149.022076,,LATHAM,,0.182176145059954,0.8495102381212518,,,0
504,,,-35.227668,149.087536,,LAWSON,,0.6817881371399058,0.3004988755279622,,,0
505,,,-35.222974,149.09276499999999,,LAWSON,,0.6039596154302154,0.48359445896839737,,,0
506,,,-35.21782,149.083281,,LAWSON,,0.30722324689850206,0.908884128464718,,,0
507,,,-35.236983,149.119922,,LYNEHAM,,0.6974182637942361,1.6738212296619819,,,0
508,,,-35.243082,149.121703,,LYNEHAM,,0.6974182637942361,1.0255845944180466,,,0
509,,,-35.253807,149.130458,,LYNEHAM,,0.18815495849785271,0.43938898560917744,,,0
510,,,-35.345454,149.079309,,LYONS,,0.4336925238383891,0.4875810001390678,,,0
511,,,-35.337804999999996,149.079502,,LYONS,,0.19783721849784416,0.5645259951461498,,,0
512,,,-35.337998,149.072936,,LYONS,,0.5961612483404626,0.524823902702769,,,0
513,,,-35.208166,149.007445,,MACGREGOR,,0.4928544086028121,0.7712023595007793,,,0
514,,,-35.217826,149.017787,,MACGREGOR,,0.3610780401688698,0.8105591522064359,,,0
515,,,-35.204765,149.010921,,MACGREGOR,,0.4928544086028121,0.7825232446492105,,,0
516,,,-35.249245,149.0621,,MACQUARIE,,0.3450446549368009,0.2965192779920756,,,0
517,,,-35.253819,149.05654199999998,,MACQUARIE,,0.4443811597543807,0.8138630299174641,,,0
518,,,-35.249192,149.065898,,MACQUARIE,,0.3450446549368009,0.2114886080823564,,,0
519,,,-35.365938,149.099576,,MAWSON,,0.4165382009074455,0.4770488326534882,,,0
520,,,-35.358134,149.093761,,MAWSON,,0.37546016174611646,0.7662129230306017,,,0
521,,,-35.358903999999995,149.10142199999999,,MAWSON,,0.2663775464659378,0.9275838139843171,,,0
522,,,-35.215282,149.077608,,MCKELLAR,,0.40223832373702195,0.28172783216696873,,,0
523,,,-35.213389,149.082629,,MCKELLAR,,0.23451720811666804,0.7482834411816918,,,0
524,,,-35.223924,149.07522600000001,,MCKELLAR,,0.7265200044808274,0.7190515244127677,,,0
525,,,-35.209643,149.05265500000002,,MELBA,,0.4398333275590817,0.20028411536703306,,,0
526,,,-35.216046,149.04977399999999,,MELBA,,0.2526191729707184,0.9462552284739689,,,0
527,,,-35.204861,149.05571799999998,,MELBA,,0.4074225364246188,0.4111113150786763,,,0
528,,,-35.218781,149.133023,,MITCHELL,,0.6842332725340737,0.8096324515457372,,,0
529,,,-35.210909,149.134847,,MITCHELL,,0.42148549804770374,0.7294381520153502,,,0
530,,,-35.217554,149.142829,,MITCHELL,,0.37687300257865414,0.31143024012659526,,,0
531,,,-35.419603,149.078321,,MONASH,,0.5873522855069349,1.9863280139257145,,,0
532,,,-35.415052,149.09283100000002,,MONASH,,0.35965603157735276,0.6850293692357178,,,0
533,,,-35.412040000000005,149.094274,,MONASH,,0.35965603157735276,0.7574954038670715,,,0
534,,,-35.327666,149.154515,,NARRABUNDAH,,0.8150168647513201,0.5482791538886442,,,0
535,,,-35.338852,149.140503,,NARRABUNDAH,,0.49139450025972964,1.3618002312298811,,,0
536,,,-35.333163,149.141126,,NARRABUNDAH,,0.5226176991565991,1.1101397437181046,,,0
537,,,-35.175981,149.107605,,NGUNNAWAL,,0.7022117783972758,0.14296461452989653,,,0
538,,,-35.166299,149.107477,,NGUNNAWAL,,0.9152133809979452,1.0715400101516634,,,0
539,,,-35.181962,149.11904199999998,,NGUNNAWAL,,0.5337644742945745,1.1272811238720872,,,0
540,,,-35.186067,149.102316,,NICHOLLS,,0.8647651446059864,0.9378212416004307,,,0
541,,,-35.177193,149.095664,,NICHOLLS,,1.0308384512585866,1.0346853539382785,,,0
542,,,-35.189119,149.11295900000002,,NICHOLLS,,0.5612650604807232,1.9366017192795457,,,0
543,,,-35.253707,149.112001,,O'CONNOR,,0.9654643245328822,0.0,,,0
544,,,-35.264115000000004,149.118524,,O'CONNOR,,0.4973867352861815,0.0,,,0
545,,,-35.254601,149.125176,,O'CONNOR,,0.3113765326195157,0.0,,,0
546,,,-35.357183,149.103464,,O'MALLEY,,0.2663775464659378,0.0,,,0
547,,,-35.352633000000004,149.112819,,O'MALLEY,,0.6757945123652586,0.0,,,0
548,,,-35.351286,149.101039,,O'MALLEY,,0.14142508445468915,0.0,,,0
549,,,-35.407790000000006,149.080302,,OXLEY,,0.3216940356688885,9.223372036854776e+18,,,0
550,,,-35.410807,149.081503,,OXLEY,,0.1109017560711486,9.223372036854776e+18,,,0
551,,,-35.410334999999996,149.085495,,OXLEY,,0.2409690851975185,9.223372036854776e+18,,,0
552,,,-35.235465999999995,149.048095,,PAGE,,0.3707637103756532,13658.142626036515,,,0
553,,,-35.236754,149.05313700000002,,PAGE,,0.47994886177060725,13657.808030272876,,,0
554,,,-35.241898,149.054682,,PAGE,,0.1815634532514115,13657.957029779738,,,0
555,,,-35.193796,149.117535,,PALMERSTON,,0.4583817034417685,0.3326557370846251,,,0
556,,,-35.188167,149.119574,,PALMERSTON,,0.34227694260472247,0.8740478818285994,,,0
557,,,-35.197390999999996,149.129187,,PALMERSTON,,0.9432918568448023,1.415641083969925,,,0
558,,,-35.287715000000006,149.13438200000002,,PARKES,,0.45119855927851305,1.3697731183811628,,,0
559,,,-35.29705,149.134232,,PARKES,,0.46114874176151427,0.3381249098185814,,,0
560,,,-35.299555,149.14436,,PARKES,,0.5325042797307863,1.0022441026351168,,,0
561,,,-35.360110999999996,149.08495,,PEARCE,,0.2918286059516501,0.21016210122083645,,,0
562,,,-35.357468,149.08125900000002,,PEARCE,,0.4455667089121661,0.6076764640712622,,,0
563,,,-35.362211,149.087847,,PEARCE,,0.3515936225292889,0.259313129877512,,,0
564,,,-35.350756,149.099622,,PHILLIP,,0.14142508445468915,0.8601815842213463,,,0
565,,,-35.338259,149.086747,,PHILLIP,,0.529237917243279,1.2846919986505363,,,0
566,,,-35.342452,149.08399,,PHILLIP,,0.48758735970486183,0.9645253794609396,,,0
567,,,-35.324552000000004,149.12075900000002,,RED HILL,,0.823541339298334,1.0951983779976242,,,0
568,,,-35.342791999999996,149.135007,,RED HILL,,0.3164315398803916,1.3826549439853983,,,0
569,,,-35.343562,149.126016,,RED HILL,,0.8202406487567624,1.078322034875664,,,0
570,,,-35.284859000000004,149.137911,,REID,,0.40551961647141005,0.3809378177695847,,,0
571,,,-35.28132,149.13898400000002,,REID,,0.32021180248331665,0.3308790621572866,,,0
572,,,-35.282319,149.145142,,REID,,0.2366308734234196,0.33507604358484955,,,0
573,,,-35.421421,149.108472,,RICHARDSON,,0.6534477763781156,1.0325515180482612,,,0
574,,,-35.43137,149.1139,,RICHARDSON,,0.5590818490601811,0.1816156087805615,,,0
575,,,-35.433556,149.12302,,RICHARDSON,,0.5007338163872025,1.007756956211596,,,0
576,,,-35.34617,149.031176,,RIVETT,,0.40427955177512825,0.6517171479504169,,,0
577,,,-35.347640000000006,149.04327800000002,,RIVETT,,0.3539490950603612,0.4805187884343921,,,0
578,,,-35.343614,149.046539,,RIVETT,,0.3711421444533465,0.915529924353304,,,0
579,,,-35.295978999999996,149.14826000000002,,RUSSELL,,0.39099876903278047,0.21232834408975199,,,0
580,,,-35.298501,149.153152,,RUSSELL,,0.18744975607859993,0.3131530037343573,,,0
581,,,-35.300847,149.153582,,RUSSELL,,0.24029809475382521,0.5276659352796925,,,0
582,,,-35.234919,149.03598799999997,,SCULLIN,,0.35854793258746437,0.21417161583471173,,,0
583,,,-35.231239,149.044164,,SCULLIN,,0.20817056406828427,0.6563116205934859,,,0
584,,,-35.229906,149.038327,,SCULLIN,,0.4188832336091292,0.5356831542035019,,,0
585,,,-35.193092,149.059916,,SPENCE,,0.3966694361652703,0.8082737436293221,,,0
586,,,-35.206015,149.067362,,SPENCE,,0.5191631210753084,0.8149410795454324,,,0
587,,,-35.196196,149.06811299999998,,SPENCE,,0.4257306100092668,0.3951280118966834,,,0
588,,,-35.344799,149.05036299999998,,STIRLING,,0.33234191314658496,0.4684356708861827,,,0
589,,,-35.347704,149.05489,,STIRLING,,0.5225895652357209,0.4664757181622528,,,0
590,,,-35.353287,149.043282,,STIRLING,,0.1760346825857025,0.7738398670775081,,,0
591,,,-35.347802,149.157516,,SYMONSTON,,0.17779123842903555,1.8449963382238743,,,0
592,,,-35.35272,149.142216,,SYMONSTON,,1.0006328531992248,3.3022566435926306,,,0
593,,,-35.345665999999994,149.14906100000002,,SYMONSTON,,0.5624650108006488,2.6066533728799923,,,0
594,,,-35.444417,149.127822,,THEODORE,,0.4306247668875625,0.5561719313704409,,,0
595,,,-35.457772,149.11763,,THEODORE,,0.8049470171580542,1.36795631161427,,,0
596,,,-35.452109,149.12411,,THEODORE,,0.39039631401499925,0.705888076739588,,,0
597,,,-35.366388,149.090297,,TORRENS,,0.3838048281562251,0.7635218918235244,,,0
598,,,-35.376466,149.083302,,TORRENS,,0.5799434781878283,0.5428394082786014,,,0
599,,,-35.376396,149.089696,,TORRENS,,0.3264642626571225,0.46075565112816086,,,0
600,,,-35.263465000000004,149.128971,,TURNER,,0.6030081355095808,0.7197034426490758,,,0
601,,,-35.268879,149.129315,,TURNER,,0.6030081355095808,0.468459343161429,,,0
602,,,-35.268529,149.119401,,TURNER,,0.4544611913391543,0.4329160580871941,,,0
603,,,-35.388646,149.092462,,WANNIASSA,,0.5977714341032535,1.6599133036197926,,,0
604,,,-35.392739,149.099479,,WANNIASSA,,0.620224134817837,1.1656617010548567,,,0
605,,,-35.402937,149.084823,,WANNIASSA,,0.6777763005012745,1.1242104305706209,,,0
606,,,-35.347768,149.061942,,WARAMANGA,,0.5376896483276278,0.5898169115424913,,,0
607,,,-35.352809,149.063788,,WARAMANGA,,0.29082863404508846,0.07457699080370443,,,0
608,,,-35.356746,149.066427,,WARAMANGA,,0.49907979074375214,0.519867972071342,,,0
609,,,-35.226184,149.16584,,WATSON,,1.2838157569553876,1.7655936284473976,,,0
610,,,-35.234895,149.15657,,WATSON,,0.40445271196813243,0.48241031688262775,,,0
611,,,-35.236472,149.14627099999998,,WATSON,,0.30751653452284516,0.6741423568921856,,,0
612,,,-35.244552,149.050793,,WEETANGERA,,0.2770940165633343,0.627486538688797,,,0
613,,,-35.249862,149.05293799999998,,WEETANGERA,,0.3807649255449285,0.358037342904993,,,0
614,,,-35.256258,149.04796000000002,,WEETANGERA,,0.43806274643888043,0.702456960365758,,,0
615,,,-35.326935999999996,149.059081,,WESTON,,0.501330145317142,1.2306688242870005,,,0
616,,,-35.335408,149.057,,WESTON,,0.6707223730127393,0.34066792278913677,,,0
617,,,-35.341885,149.06526100000002,,WESTON,,0.720327543114655,0.7137617748632663,,,0
618,,,-35.312946999999994,149.02938999999998,,WRIGHT,,0.975789125303931,0.5573050315717661,,,0
619,,,-35.322402000000004,149.033446,,WRIGHT,,0.3769971035727316,0.6022254106418794,,,0
620,,,-35.325115000000004,149.030956,,WRIGHT,,0.3769971035727316,0.9214948194347686,,,0
621,,,-35.302555,149.115478,,YARRALUMLA,,0.842511194012414,1.6027002471900305,,,0
622,,,-35.299657,149.095554,,YARRALUMLA,,0.5590976783740097,0.6471416583722907,,,0
623,,,-35.307572,149.08401,,YARRALUMLA,,1.3268106457199025,1.3082060388016574,,,0
